,checkpoint_diff,vaccine_diff,election_diff,census_diff
0,unknown_ga,lasalle parish_la,albion_me,unknown_ga
1,unknown_nc,petersburg borough_ak,greene_me,unknown_nc
2,unknown_sd,aroostook_me,dover-foxcroft_me,unknown_sd
3,unknown_nj,middlesex_ct,waite_me,unknown_nj
4,somerset_me,aleutians east borough_ak,athens_me,somerset_me
5,sitka city and borough_ak,copper river census area_ak,bridgewater_ct,sitka city and borough_ak
6,matanuska-susitna borough_ak,dillingham census area_ak,east montpelier_vt,matanuska-susitna borough_ak
7,bethel census area_ak,dukes_ma,guilford_ct,bethel census area_ak
8,yukon-koyukuk census area_ak,kennebec_me,colchester_vt,yukon-koyukuk census area_ak
9,unknown_la,sagadahoc_me,pembroke_me,unknown_la
10,unknown_nh,juneau city and borough_ak,exeter_ri,unknown_nh
11,unknown_mi,cheshire_nh,thomaston_ct,unknown_mi
12,piscataquis_me,bristol bay borough_ak,fayette_me,piscataquis_me
13,rockingham_nh,somerset_me,worthington_ma,rockingham_nh
14,lamoille_vt,bristol_ma,weare_nh,lamoille_vt
15,unknown_ne,androscoggin_me,crystal_me,unknown_ne
16,north slope borough_ak,denali borough_ak,marlboro_vt,north slope borough_ak
17,yakutat city and borough_ak,aleutians west census area_ak,waitsfield_vt,yakutat city and borough_ak
18,unknown_dc,orleans_vt,barre_vt,unknown_dc
19,nome census area_ak,washington_ri,new boston_nh,nome census area_ak
20,unknown_ak,sitka city and borough_ak,lee_ma,unknown_ak
21,unknown_wy,matanuska-susitna borough_ak,princeton_ma,unknown_wy
22,hampshire_ma,haines borough_ak,monson_ma,hampshire_ma
23,unknown_mn,bethel census area_ak,nahant_ma,unknown_mn
24,unknown_vt,yukon-koyukuk census area_ak,byron_me,unknown_vt
25,lake and peninsula borough_ak,piscataquis_me,redding_ct,lake and peninsula borough_ak
26,kusilvak census area_ak,caledonia_vt,lasalle parish_la,kusilvak census area_ak
27,northwest arctic borough_ak,rockingham_nh,palmyra_me,northwest arctic borough_ak
28,unknown_ca,kenai peninsula borough_ak,derry_nh,unknown_ca
29,dona ana_nm,anchorage municipality_ak,ed 34_ak,dona ana_nm
30,unknown_ut,coos_nh,holliston_ma,unknown_ut
31,unknown_mt,lamoille_vt,morgan_vt,unknown_mt
32,unknown_id,chugach census area_ak,holyoke_ma,unknown_id
33,unknown_al,north slope borough_ak,south berwick_me,unknown_al
34,juneau city and borough_ak,prince of wales-hyder census area_ak,ed 14_ak,juneau city and borough_ak
35,bristol bay borough_ak,yakutat city and borough_ak,danbury_ct,bristol bay borough_ak
36,bristol_ma,nome census area_ak,lawrence_ma,bristol_ma
37,androscoggin_me,hampshire_ma,chester_me,androscoggin_me
38,unknown_ny,berkshire_ma,norfolk_ct,unknown_ny
39,aleutians west census area_ak,suffolk_ma,burlington_me,aleutians west census area_ak
40,unknown_il,kodiak island borough_ak,easton_ma,unknown_il
41,unknown_az,lake and peninsula borough_ak,bridgton_me,unknown_az
42,unknown_mo,kusilvak census area_ak,roxbury_me,unknown_mo
43,washington_ri,kent_ri,lisbon_me,washington_ri
44,unknown_tn,fairbanks north star borough_ak,royalston_ma,unknown_tn
45,coos_nh,middlesex_ma,south hampton_nh,coos_nh
46,kalawao_hi,southeast fairbanks census area_ak,conway_ma,kalawao_hi
47,unknown_ar,northwest arctic borough_ak,manchester_ct,unknown_ar
48,unknown_nm,do�a ana_nm,johnson_vt,unknown_nm
49,hoonah-angoon census area_ak,skagway municipality_ak,pittsfield_ma,hoonah-angoon census area_ak
50,aroostook_me,hoonah-angoon census area_ak,londonderry_vt,aroostook_me
51,aleutians east borough_ak,belknap_nh,longmeadow_ma,aleutians east borough_ak
52,dillingham census area_ak,ketchikan gateway borough_ak,sunapee_nh,dillingham census area_ak
53,dukes_ma,wrangell city and borough_ak,eastham_ma,dukes_ma
54,la salle parish_la,ZZZZ,barre_ma,la salle parish_la
55,unknown_wv,ZZZZ,ed 31_ak,unknown_wv
56,sagadahoc_me,ZZZZ,whitingham_vt,sagadahoc_me
57,unknown_co,ZZZZ,new ashford_ma,unknown_co
58,denali borough_ak,ZZZZ,concord_ma,denali borough_ak
59,petersburg census area_ak,ZZZZ,newfields_nh,petersburg census area_ak
60,orleans_vt,ZZZZ,trenton_me,orleans_vt
61,unknown_va,ZZZZ,hancock_ma,unknown_va
62,haines borough_ak,ZZZZ,guilford_vt,haines borough_ak
63,unknown_or,ZZZZ,southbury_ct,unknown_or
64,unknown_fl,ZZZZ,leyden_ma,unknown_fl
65,kenai peninsula borough_ak,ZZZZ,sprague_ct,kenai peninsula borough_ak
66,anchorage municipality_ak,ZZZZ,dalton_ma,anchorage municipality_ak
67,unknown_wa,ZZZZ,hudson_nh,unknown_wa
68,kodiak island borough_ak,ZZZZ,canterbury_ct,kodiak island borough_ak
69,unknown_nd,ZZZZ,heath_ma,unknown_nd
70,kent_ri,ZZZZ,stoneham_me,kent_ri
71,fairbanks north star borough_ak,ZZZZ,vanceboro_me,fairbanks north star borough_ak
72,middlesex_ma,ZZZZ,walpole_ma,middlesex_ma
73,unknown_in,ZZZZ,ware_ma,unknown_in
74,belknap_nh,ZZZZ,craftsbury_vt,belknap_nh
75,ketchikan gateway borough_ak,ZZZZ,south windsor_ct,ketchikan gateway borough_ak
76,wrangell city and borough_ak,ZZZZ,cambridge_me,wrangell city and borough_ak
77,unknown_me,ZZZZ,gardner_ma,unknown_me
78,unknown_md,ZZZZ,albany_nh,unknown_md
79,unknown_ky,ZZZZ,leeds_me,unknown_ky
80,unknown_ks,ZZZZ,sandgate_vt,unknown_ks
81,unknown_ia,ZZZZ,edgartown_ma,unknown_ia
82,middlesex_ct,ZZZZ,naugatuck_ct,middlesex_ct
83,unknown_ok,ZZZZ,orrington_me,unknown_ok
84,unknown_pa,ZZZZ,newington_nh,unknown_pa
85,unknown_ct,ZZZZ,hanover_ma,unknown_ct
86,kennebec_me,ZZZZ,durham_me,kennebec_me
87,unknown_ms,ZZZZ,derby_ct,unknown_ms
88,cheshire_nh,ZZZZ,rockland_ma,cheshire_nh
89,unknown_oh,ZZZZ,danbury_nh,unknown_oh
90,unknown_wi,ZZZZ,sutton_nh,unknown_wi
91,unknown_sc,ZZZZ,northbridge_ma,unknown_sc
92,unknown_nv,ZZZZ,jay_vt,unknown_nv
93,unknown_ma,ZZZZ,strong_me,unknown_ma
94,caledonia_vt,ZZZZ,sharon_vt,caledonia_vt
95,unknown_de,ZZZZ,somerville_ma,unknown_de
96,prince of wales-hyder census area_ak,ZZZZ,groton_ct,prince of wales-hyder census area_ak
97,valdez-cordova census area_ak,ZZZZ,bradford_me,valdez-cordova census area_ak
98,unknown_ri,ZZZZ,dover_vt,unknown_ri
99,berkshire_ma,ZZZZ,strafford_vt,berkshire_ma
100,suffolk_ma,ZZZZ,orford_nh,suffolk_ma
101,southeast fairbanks census area_ak,ZZZZ,crawford_me,southeast fairbanks census area_ak
102,skagway municipality_ak,ZZZZ,pawlet_vt,skagway municipality_ak
103,ZZZZ,ZZZZ,enfield_ct,ZZZZ
104,ZZZZ,ZZZZ,robbinston_me,ZZZZ
105,ZZZZ,ZZZZ,wellington_me,ZZZZ
106,ZZZZ,ZZZZ,middlebury_vt,ZZZZ
107,ZZZZ,ZZZZ,east hartford_ct,ZZZZ
108,ZZZZ,ZZZZ,east brookfield_ma,ZZZZ
109,ZZZZ,ZZZZ,sullivan_me,ZZZZ
110,ZZZZ,ZZZZ,waltham_vt,ZZZZ
111,ZZZZ,ZZZZ,windsor locks_ct,ZZZZ
112,ZZZZ,ZZZZ,milton_nh,ZZZZ
113,ZZZZ,ZZZZ,harwinton_ct,ZZZZ
114,ZZZZ,ZZZZ,richmond_me,ZZZZ
115,ZZZZ,ZZZZ,warren_ct,ZZZZ
116,ZZZZ,ZZZZ,ed 15_ak,ZZZZ
117,ZZZZ,ZZZZ,swanville_me,ZZZZ
118,ZZZZ,ZZZZ,burnham_me,ZZZZ
119,ZZZZ,ZZZZ,paxton_ma,ZZZZ
120,ZZZZ,ZZZZ,portage lake_me,ZZZZ
121,ZZZZ,ZZZZ,swampscott_ma,ZZZZ
122,ZZZZ,ZZZZ,sherman_me,ZZZZ
123,ZZZZ,ZZZZ,yarmouth_ma,ZZZZ
124,ZZZZ,ZZZZ,hingham_ma,ZZZZ
125,ZZZZ,ZZZZ,brighton plt._me,ZZZZ
126,ZZZZ,ZZZZ,bethany_ct,ZZZZ
127,ZZZZ,ZZZZ,great pond_me,ZZZZ
128,ZZZZ,ZZZZ,pepperell_ma,ZZZZ
129,ZZZZ,ZZZZ,roxbury_nh,ZZZZ
130,ZZZZ,ZZZZ,middleton_nh,ZZZZ
131,ZZZZ,ZZZZ,newry_me,ZZZZ
132,ZZZZ,ZZZZ,eastport_me,ZZZZ
133,ZZZZ,ZZZZ,amity_me,ZZZZ
134,ZZZZ,ZZZZ,oakham_ma,ZZZZ
135,ZZZZ,ZZZZ,east machias_me,ZZZZ
136,ZZZZ,ZZZZ,fryeburg_me,ZZZZ
137,ZZZZ,ZZZZ,lenox_ma,ZZZZ
138,ZZZZ,ZZZZ,hubbardton_vt,ZZZZ
139,ZZZZ,ZZZZ,deep river_ct,ZZZZ
140,ZZZZ,ZZZZ,hiram_me,ZZZZ
141,ZZZZ,ZZZZ,bristol_nh,ZZZZ
142,ZZZZ,ZZZZ,middleborough_ma,ZZZZ
143,ZZZZ,ZZZZ,hamden_ct,ZZZZ
144,ZZZZ,ZZZZ,north attleborough_ma,ZZZZ
145,ZZZZ,ZZZZ,granby_ma,ZZZZ
146,ZZZZ,ZZZZ,columbia_me,ZZZZ
147,ZZZZ,ZZZZ,killington_vt,ZZZZ
148,ZZZZ,ZZZZ,westmoreland_nh,ZZZZ
149,ZZZZ,ZZZZ,amherst_me,ZZZZ
150,ZZZZ,ZZZZ,monroe_nh,ZZZZ
151,ZZZZ,ZZZZ,cranston_ri,ZZZZ
152,ZZZZ,ZZZZ,north brookfield_ma,ZZZZ
153,ZZZZ,ZZZZ,washington_nh,ZZZZ
154,ZZZZ,ZZZZ,washington cty townships_me,ZZZZ
155,ZZZZ,ZZZZ,londonderry_nh,ZZZZ
156,ZZZZ,ZZZZ,shutesbury_ma,ZZZZ
157,ZZZZ,ZZZZ,swansea_ma,ZZZZ
158,ZZZZ,ZZZZ,foster_ri,ZZZZ
159,ZZZZ,ZZZZ,pownal_me,ZZZZ
160,ZZZZ,ZZZZ,caribou_me,ZZZZ
161,ZZZZ,ZZZZ,essex_ct,ZZZZ
162,ZZZZ,ZZZZ,mendon_vt,ZZZZ
163,ZZZZ,ZZZZ,goshen_ma,ZZZZ
164,ZZZZ,ZZZZ,alfred_me,ZZZZ
165,ZZZZ,ZZZZ,hartford_vt,ZZZZ
166,ZZZZ,ZZZZ,petersham_ma,ZZZZ
167,ZZZZ,ZZZZ,peru_vt,ZZZZ
168,ZZZZ,ZZZZ,smithfield_me,ZZZZ
169,ZZZZ,ZZZZ,lowell_ma,ZZZZ
170,ZZZZ,ZZZZ,corinna_me,ZZZZ
171,ZZZZ,ZZZZ,jackson_me,ZZZZ
172,ZZZZ,ZZZZ,newport_nh,ZZZZ
173,ZZZZ,ZZZZ,ed 36_ak,ZZZZ
174,ZZZZ,ZZZZ,shrewsbury_ma,ZZZZ
175,ZZZZ,ZZZZ,dracut_ma,ZZZZ
176,ZZZZ,ZZZZ,ashford_ct,ZZZZ
177,ZZZZ,ZZZZ,norwood_ma,ZZZZ
178,ZZZZ,ZZZZ,westfield_vt,ZZZZ
179,ZZZZ,ZZZZ,tinmouth_vt,ZZZZ
180,ZZZZ,ZZZZ,district of columbia,ZZZZ
181,ZZZZ,ZZZZ,kingston_ma,ZZZZ
182,ZZZZ,ZZZZ,hebron_me,ZZZZ
183,ZZZZ,ZZZZ,south bristol_me,ZZZZ
184,ZZZZ,ZZZZ,candia_nh,ZZZZ
185,ZZZZ,ZZZZ,brooklyn_ct,ZZZZ
186,ZZZZ,ZZZZ,belgrade_me,ZZZZ
187,ZZZZ,ZZZZ,new hartford_ct,ZZZZ
188,ZZZZ,ZZZZ,winterport_me,ZZZZ
189,ZZZZ,ZZZZ,hopkinton_nh,ZZZZ
190,ZZZZ,ZZZZ,woodstock_nh,ZZZZ
191,ZZZZ,ZZZZ,newport town_vt,ZZZZ
192,ZZZZ,ZZZZ,hartland_me,ZZZZ
193,ZZZZ,ZZZZ,campton_nh,ZZZZ
194,ZZZZ,ZZZZ,orange_ct,ZZZZ
195,ZZZZ,ZZZZ,stockton springs_me,ZZZZ
196,ZZZZ,ZZZZ,hull_ma,ZZZZ
197,ZZZZ,ZZZZ,oakland_me,ZZZZ
198,ZZZZ,ZZZZ,middlesex_vt,ZZZZ
199,ZZZZ,ZZZZ,eliot_me,ZZZZ
200,ZZZZ,ZZZZ,west fairlee_vt,ZZZZ
201,ZZZZ,ZZZZ,marshfield_vt,ZZZZ
202,ZZZZ,ZZZZ,south burlington_vt,ZZZZ
203,ZZZZ,ZZZZ,pomfret_ct,ZZZZ
204,ZZZZ,ZZZZ,rocky hill_ct,ZZZZ
205,ZZZZ,ZZZZ,hinesburg_vt,ZZZZ
206,ZZZZ,ZZZZ,baring plt._me,ZZZZ
207,ZZZZ,ZZZZ,abington_ma,ZZZZ
208,ZZZZ,ZZZZ,lincoln plt._me,ZZZZ
209,ZZZZ,ZZZZ,bridgeport_ct,ZZZZ
210,ZZZZ,ZZZZ,dunstable_ma,ZZZZ
211,ZZZZ,ZZZZ,monson_me,ZZZZ
212,ZZZZ,ZZZZ,walden_vt,ZZZZ
213,ZZZZ,ZZZZ,ed 25_ak,ZZZZ
214,ZZZZ,ZZZZ,augusta_me,ZZZZ
215,ZZZZ,ZZZZ,fletcher_vt,ZZZZ
216,ZZZZ,ZZZZ,enosburgh_vt,ZZZZ
217,ZZZZ,ZZZZ,troy_me,ZZZZ
218,ZZZZ,ZZZZ,leicester_ma,ZZZZ
219,ZZZZ,ZZZZ,savoy_ma,ZZZZ
220,ZZZZ,ZZZZ,gouldsboro_me,ZZZZ
221,ZZZZ,ZZZZ,canaan_nh,ZZZZ
222,ZZZZ,ZZZZ,cook suburbs_il,ZZZZ
223,ZZZZ,ZZZZ,plainfield_ct,ZZZZ
224,ZZZZ,ZZZZ,bourne_ma,ZZZZ
225,ZZZZ,ZZZZ,belchertown_ma,ZZZZ
226,ZZZZ,ZZZZ,hopedale_ma,ZZZZ
227,ZZZZ,ZZZZ,masardis_me,ZZZZ
228,ZZZZ,ZZZZ,ed 8_ak,ZZZZ
229,ZZZZ,ZZZZ,marion_ma,ZZZZ
230,ZZZZ,ZZZZ,verona_me,ZZZZ
231,ZZZZ,ZZZZ,chebeague island_me,ZZZZ
232,ZZZZ,ZZZZ,laconia_nh,ZZZZ
233,ZZZZ,ZZZZ,columbia_nh,ZZZZ
234,ZZZZ,ZZZZ,dixville_nh,ZZZZ
235,ZZZZ,ZZZZ,richmond_ma,ZZZZ
236,ZZZZ,ZZZZ,bridgewater_nh,ZZZZ
237,ZZZZ,ZZZZ,arlington_vt,ZZZZ
238,ZZZZ,ZZZZ,stratford_nh,ZZZZ
239,ZZZZ,ZZZZ,freeport_me,ZZZZ
240,ZZZZ,ZZZZ,oxford_ct,ZZZZ
241,ZZZZ,ZZZZ,gosnold_ma,ZZZZ
242,ZZZZ,ZZZZ,wells_vt,ZZZZ
243,ZZZZ,ZZZZ,wallingford_ct,ZZZZ
244,ZZZZ,ZZZZ,great barrington_ma,ZZZZ
245,ZZZZ,ZZZZ,williamstown_vt,ZZZZ
246,ZZZZ,ZZZZ,randolph_me,ZZZZ
247,ZZZZ,ZZZZ,florida_ma,ZZZZ
248,ZZZZ,ZZZZ,stonington_ct,ZZZZ
249,ZZZZ,ZZZZ,wilmington_vt,ZZZZ
250,ZZZZ,ZZZZ,cutler_me,ZZZZ
251,ZZZZ,ZZZZ,west windsor_vt,ZZZZ
252,ZZZZ,ZZZZ,waterford_me,ZZZZ
253,ZZZZ,ZZZZ,lempster_nh,ZZZZ
254,ZZZZ,ZZZZ,randolph_nh,ZZZZ
255,ZZZZ,ZZZZ,east haddam_ct,ZZZZ
256,ZZZZ,ZZZZ,veazie_me,ZZZZ
257,ZZZZ,ZZZZ,mount vernon_me,ZZZZ
258,ZZZZ,ZZZZ,barnstead_nh,ZZZZ
259,ZZZZ,ZZZZ,norton_ma,ZZZZ
260,ZZZZ,ZZZZ,meriden_ct,ZZZZ
261,ZZZZ,ZZZZ,addison_me,ZZZZ
262,ZZZZ,ZZZZ,middleton_ma,ZZZZ
263,ZZZZ,ZZZZ,dedham_me,ZZZZ
264,ZZZZ,ZZZZ,medway_me,ZZZZ
265,ZZZZ,ZZZZ,garfield plt._me,ZZZZ
266,ZZZZ,ZZZZ,charlton_ma,ZZZZ
267,ZZZZ,ZZZZ,sharon_nh,ZZZZ
268,ZZZZ,ZZZZ,new limerick_me,ZZZZ
269,ZZZZ,ZZZZ,parkman_me,ZZZZ
270,ZZZZ,ZZZZ,winchendon_ma,ZZZZ
271,ZZZZ,ZZZZ,andover_vt,ZZZZ
272,ZZZZ,ZZZZ,camden_me,ZZZZ
273,ZZZZ,ZZZZ,leverett_ma,ZZZZ
274,ZZZZ,ZZZZ,danville_vt,ZZZZ
275,ZZZZ,ZZZZ,richford_vt,ZZZZ
276,ZZZZ,ZZZZ,new london_nh,ZZZZ
277,ZZZZ,ZZZZ,canton_ma,ZZZZ
278,ZZZZ,ZZZZ,presque isle_me,ZZZZ
279,ZZZZ,ZZZZ,bethel_vt,ZZZZ
280,ZZZZ,ZZZZ,ed 5_ak,ZZZZ
281,ZZZZ,ZZZZ,bolton_ma,ZZZZ
282,ZZZZ,ZZZZ,richmond_vt,ZZZZ
283,ZZZZ,ZZZZ,simsbury_ct,ZZZZ
284,ZZZZ,ZZZZ,st. george_me,ZZZZ
285,ZZZZ,ZZZZ,waterford_vt,ZZZZ
286,ZZZZ,ZZZZ,edgecomb_me,ZZZZ
287,ZZZZ,ZZZZ,burke_vt,ZZZZ
288,ZZZZ,ZZZZ,perham_me,ZZZZ
289,ZZZZ,ZZZZ,north reading_ma,ZZZZ
290,ZZZZ,ZZZZ,granby_ct,ZZZZ
291,ZZZZ,ZZZZ,brighton_vt,ZZZZ
292,ZZZZ,ZZZZ,newfane_vt,ZZZZ
293,ZZZZ,ZZZZ,brookfield_nh,ZZZZ
294,ZZZZ,ZZZZ,ed 23_ak,ZZZZ
295,ZZZZ,ZZZZ,topsfield_me,ZZZZ
296,ZZZZ,ZZZZ,paris_me,ZZZZ
297,ZZZZ,ZZZZ,putney_vt,ZZZZ
298,ZZZZ,ZZZZ,matinicus isle plt._me,ZZZZ
299,ZZZZ,ZZZZ,southampton_ma,ZZZZ
300,ZZZZ,ZZZZ,scotland_ct,ZZZZ
301,ZZZZ,ZZZZ,orange_ma,ZZZZ
302,ZZZZ,ZZZZ,porter_me,ZZZZ
303,ZZZZ,ZZZZ,osborn_me,ZZZZ
304,ZZZZ,ZZZZ,burlington_ma,ZZZZ
305,ZZZZ,ZZZZ,cape elizabeth_me,ZZZZ
306,ZZZZ,ZZZZ,ed 10_ak,ZZZZ
307,ZZZZ,ZZZZ,glenburn_me,ZZZZ
308,ZZZZ,ZZZZ,randolph_ma,ZZZZ
309,ZZZZ,ZZZZ,colebrook_nh,ZZZZ
310,ZZZZ,ZZZZ,georgia_vt,ZZZZ
311,ZZZZ,ZZZZ,buxton_me,ZZZZ
312,ZZZZ,ZZZZ,ansonia_ct,ZZZZ
313,ZZZZ,ZZZZ,norway_me,ZZZZ
314,ZZZZ,ZZZZ,bartlett_nh,ZZZZ
315,ZZZZ,ZZZZ,greenville_me,ZZZZ
316,ZZZZ,ZZZZ,dennysville_me,ZZZZ
317,ZZZZ,ZZZZ,south hero_vt,ZZZZ
318,ZZZZ,ZZZZ,wales_ma,ZZZZ
319,ZZZZ,ZZZZ,warren_me,ZZZZ
320,ZZZZ,ZZZZ,loudon_nh,ZZZZ
321,ZZZZ,ZZZZ,jackson_nh,ZZZZ
322,ZZZZ,ZZZZ,stow_me,ZZZZ
323,ZZZZ,ZZZZ,steuben_me,ZZZZ
324,ZZZZ,ZZZZ,willington_ct,ZZZZ
325,ZZZZ,ZZZZ,tolland_ma,ZZZZ
326,ZZZZ,ZZZZ,chelmsford_ma,ZZZZ
327,ZZZZ,ZZZZ,canaan_vt,ZZZZ
328,ZZZZ,ZZZZ,glastonbury_ct,ZZZZ
329,ZZZZ,ZZZZ,west warwick_ri,ZZZZ
330,ZZZZ,ZZZZ,ed 39_ak,ZZZZ
331,ZZZZ,ZZZZ,milton_ma,ZZZZ
332,ZZZZ,ZZZZ,westfield_me,ZZZZ
333,ZZZZ,ZZZZ,hartland_vt,ZZZZ
334,ZZZZ,ZZZZ,vassalboro_me,ZZZZ
335,ZZZZ,ZZZZ,halifax_vt,ZZZZ
336,ZZZZ,ZZZZ,lakeville_ma,ZZZZ
337,ZZZZ,ZZZZ,waltham_me,ZZZZ
338,ZZZZ,ZZZZ,shrewsbury_vt,ZZZZ
339,ZZZZ,ZZZZ,edinburg_me,ZZZZ
340,ZZZZ,ZZZZ,north yarmouth_me,ZZZZ
341,ZZZZ,ZZZZ,peru_me,ZZZZ
342,ZZZZ,ZZZZ,manchester_me,ZZZZ
343,ZZZZ,ZZZZ,bedford_ma,ZZZZ
344,ZZZZ,ZZZZ,wade_me,ZZZZ
345,ZZZZ,ZZZZ,alexandria_nh,ZZZZ
346,ZZZZ,ZZZZ,belvidere_vt,ZZZZ
347,ZZZZ,ZZZZ,detroit_me,ZZZZ
348,ZZZZ,ZZZZ,granville_ma,ZZZZ
349,ZZZZ,ZZZZ,middlebury_ct,ZZZZ
350,ZZZZ,ZZZZ,friendship_me,ZZZZ
351,ZZZZ,ZZZZ,claremont_nh,ZZZZ
352,ZZZZ,ZZZZ,tunbridge_vt,ZZZZ
353,ZZZZ,ZZZZ,ed 3_ak,ZZZZ
354,ZZZZ,ZZZZ,chicopee_ma,ZZZZ
355,ZZZZ,ZZZZ,jay_me,ZZZZ
356,ZZZZ,ZZZZ,mount tabor_vt,ZZZZ
357,ZZZZ,ZZZZ,north branford_ct,ZZZZ
358,ZZZZ,ZZZZ,wakefield_ma,ZZZZ
359,ZZZZ,ZZZZ,jefferson_me,ZZZZ
360,ZZZZ,ZZZZ,winchester_nh,ZZZZ
361,ZZZZ,ZZZZ,winter harbor_me,ZZZZ
362,ZZZZ,ZZZZ,rockport_ma,ZZZZ
363,ZZZZ,ZZZZ,northfield_ma,ZZZZ
364,ZZZZ,ZZZZ,southbridge_ma,ZZZZ
365,ZZZZ,ZZZZ,west boylston_ma,ZZZZ
366,ZZZZ,ZZZZ,corinth_vt,ZZZZ
367,ZZZZ,ZZZZ,southwick_ma,ZZZZ
368,ZZZZ,ZZZZ,alford_ma,ZZZZ
369,ZZZZ,ZZZZ,stoneham_ma,ZZZZ
370,ZZZZ,ZZZZ,salisbury_vt,ZZZZ
371,ZZZZ,ZZZZ,brattleboro_vt,ZZZZ
372,ZZZZ,ZZZZ,panton_vt,ZZZZ
373,ZZZZ,ZZZZ,duxbury_ma,ZZZZ
374,ZZZZ,ZZZZ,west greenwich_ri,ZZZZ
375,ZZZZ,ZZZZ,old orchrd bch_me,ZZZZ
376,ZZZZ,ZZZZ,raymond_me,ZZZZ
377,ZZZZ,ZZZZ,moretown_vt,ZZZZ
378,ZZZZ,ZZZZ,norwich_vt,ZZZZ
379,ZZZZ,ZZZZ,sanbornton_nh,ZZZZ
380,ZZZZ,ZZZZ,lincoln_vt,ZZZZ
381,ZZZZ,ZZZZ,whiting_vt,ZZZZ
382,ZZZZ,ZZZZ,chesterville_me,ZZZZ
383,ZZZZ,ZZZZ,stamford_ct,ZZZZ
384,ZZZZ,ZZZZ,east haven_vt,ZZZZ
385,ZZZZ,ZZZZ,burlington_vt,ZZZZ
386,ZZZZ,ZZZZ,lancaster_ma,ZZZZ
387,ZZZZ,ZZZZ,bristol_vt,ZZZZ
388,ZZZZ,ZZZZ,lyndeborough_nh,ZZZZ
389,ZZZZ,ZZZZ,plainville_ma,ZZZZ
390,ZZZZ,ZZZZ,amherst_nh,ZZZZ
391,ZZZZ,ZZZZ,harpswell_me,ZZZZ
392,ZZZZ,ZZZZ,old town_me,ZZZZ
393,ZZZZ,ZZZZ,lebanon_nh,ZZZZ
394,ZZZZ,ZZZZ,oakfield_me,ZZZZ
395,ZZZZ,ZZZZ,bethel_me,ZZZZ
396,ZZZZ,ZZZZ,mount chase_me,ZZZZ
397,ZZZZ,ZZZZ,northampton_ma,ZZZZ
398,ZZZZ,ZZZZ,hancock_nh,ZZZZ
399,ZZZZ,ZZZZ,coventry_ct,ZZZZ
400,ZZZZ,ZZZZ,methuen_ma,ZZZZ
401,ZZZZ,ZZZZ,belmont_nh,ZZZZ
402,ZZZZ,ZZZZ,keene_nh,ZZZZ
403,ZZZZ,ZZZZ,williamsburg_ma,ZZZZ
404,ZZZZ,ZZZZ,norton_vt,ZZZZ
405,ZZZZ,ZZZZ,portland_me,ZZZZ
406,ZZZZ,ZZZZ,magalloway plt._me,ZZZZ
407,ZZZZ,ZZZZ,northfield_vt,ZZZZ
408,ZZZZ,ZZZZ,moro plt._me,ZZZZ
409,ZZZZ,ZZZZ,durham_nh,ZZZZ
410,ZZZZ,ZZZZ,newbury_vt,ZZZZ
411,ZZZZ,ZZZZ,hinsdale_ma,ZZZZ
412,ZZZZ,ZZZZ,effingham_nh,ZZZZ
413,ZZZZ,ZZZZ,woburn_ma,ZZZZ
414,ZZZZ,ZZZZ,blaine_me,ZZZZ
415,ZZZZ,ZZZZ,dallas plt._me,ZZZZ
416,ZZZZ,ZZZZ,suffield_ct,ZZZZ
417,ZZZZ,ZZZZ,new castle_nh,ZZZZ
418,ZZZZ,ZZZZ,boxborough_ma,ZZZZ
419,ZZZZ,ZZZZ,middlefield_ct,ZZZZ
420,ZZZZ,ZZZZ,new shoreham_ri,ZZZZ
421,ZZZZ,ZZZZ,colchester_ct,ZZZZ
422,ZZZZ,ZZZZ,carmel_me,ZZZZ
423,ZZZZ,ZZZZ,danby_vt,ZZZZ
424,ZZZZ,ZZZZ,russell_ma,ZZZZ
425,ZZZZ,ZZZZ,milan_nh,ZZZZ
426,ZZZZ,ZZZZ,marlborough_nh,ZZZZ
427,ZZZZ,ZZZZ,tremont_me,ZZZZ
428,ZZZZ,ZZZZ,otis_me,ZZZZ
429,ZZZZ,ZZZZ,kent_ct,ZZZZ
430,ZZZZ,ZZZZ,ira_vt,ZZZZ
431,ZZZZ,ZZZZ,madison_me,ZZZZ
432,ZZZZ,ZZZZ,ed 21_ak,ZZZZ
433,ZZZZ,ZZZZ,mechanic falls_me,ZZZZ
434,ZZZZ,ZZZZ,braintree_ma,ZZZZ
435,ZZZZ,ZZZZ,penobscot cty townships_me,ZZZZ
436,ZZZZ,ZZZZ,maynard_ma,ZZZZ
437,ZZZZ,ZZZZ,livermore falls_me,ZZZZ
438,ZZZZ,ZZZZ,chatham_ma,ZZZZ
439,ZZZZ,ZZZZ,charlotte_vt,ZZZZ
440,ZZZZ,ZZZZ,sutton_vt,ZZZZ
441,ZZZZ,ZZZZ,new durham_nh,ZZZZ
442,ZZZZ,ZZZZ,westford_vt,ZZZZ
443,ZZZZ,ZZZZ,rangeley_me,ZZZZ
444,ZZZZ,ZZZZ,nobleboro_me,ZZZZ
445,ZZZZ,ZZZZ,newington_ct,ZZZZ
446,ZZZZ,ZZZZ,brownington_vt,ZZZZ
447,ZZZZ,ZZZZ,haynesville_me,ZZZZ
448,ZZZZ,ZZZZ,east kingston_nh,ZZZZ
449,ZZZZ,ZZZZ,waterville_vt,ZZZZ
450,ZZZZ,ZZZZ,drew plt._me,ZZZZ
451,ZZZZ,ZZZZ,thompson_ct,ZZZZ
452,ZZZZ,ZZZZ,new fairfield_ct,ZZZZ
453,ZZZZ,ZZZZ,litchfield_nh,ZZZZ
454,ZZZZ,ZZZZ,wendell_ma,ZZZZ
455,ZZZZ,ZZZZ,boothbay harbor_me,ZZZZ
456,ZZZZ,ZZZZ,fremont_nh,ZZZZ
457,ZZZZ,ZZZZ,aquinnah_ma,ZZZZ
458,ZZZZ,ZZZZ,starks_me,ZZZZ
459,ZZZZ,ZZZZ,arrowsic_me,ZZZZ
460,ZZZZ,ZZZZ,morrill_me,ZZZZ
461,ZZZZ,ZZZZ,stannard_vt,ZZZZ
462,ZZZZ,ZZZZ,eagle lake_me,ZZZZ
463,ZZZZ,ZZZZ,kingsbury plt._me,ZZZZ
464,ZZZZ,ZZZZ,deer isle_me,ZZZZ
465,ZZZZ,ZZZZ,fort kent_me,ZZZZ
466,ZZZZ,ZZZZ,harmony_me,ZZZZ
467,ZZZZ,ZZZZ,plympton_ma,ZZZZ
468,ZZZZ,ZZZZ,greenbush_me,ZZZZ
469,ZZZZ,ZZZZ,weybridge_vt,ZZZZ
470,ZZZZ,ZZZZ,topsham_vt,ZZZZ
471,ZZZZ,ZZZZ,denmark_me,ZZZZ
472,ZZZZ,ZZZZ,northfield_nh,ZZZZ
473,ZZZZ,ZZZZ,westbrook_me,ZZZZ
474,ZZZZ,ZZZZ,falmouth_ma,ZZZZ
475,ZZZZ,ZZZZ,waterboro_me,ZZZZ
476,ZZZZ,ZZZZ,millville_ma,ZZZZ
477,ZZZZ,ZZZZ,groveland_ma,ZZZZ
478,ZZZZ,ZZZZ,north berwick_me,ZZZZ
479,ZZZZ,ZZZZ,woolwich_me,ZZZZ
480,ZZZZ,ZZZZ,millsfield_nh,ZZZZ
481,ZZZZ,ZZZZ,chester_nh,ZZZZ
482,ZZZZ,ZZZZ,west springfield_ma,ZZZZ
483,ZZZZ,ZZZZ,albany_vt,ZZZZ
484,ZZZZ,ZZZZ,ashland_ma,ZZZZ
485,ZZZZ,ZZZZ,blackstone_ma,ZZZZ
486,ZZZZ,ZZZZ,belfast_me,ZZZZ
487,ZZZZ,ZZZZ,alna_me,ZZZZ
488,ZZZZ,ZZZZ,mont vernon_nh,ZZZZ
489,ZZZZ,ZZZZ,clarksville_nh,ZZZZ
490,ZZZZ,ZZZZ,randolph_vt,ZZZZ
491,ZZZZ,ZZZZ,ed 16_ak,ZZZZ
492,ZZZZ,ZZZZ,rochester_vt,ZZZZ
493,ZZZZ,ZZZZ,littleton_ma,ZZZZ
494,ZZZZ,ZZZZ,washington_ct,ZZZZ
495,ZZZZ,ZZZZ,hallowell_me,ZZZZ
496,ZZZZ,ZZZZ,avon_me,ZZZZ
497,ZZZZ,ZZZZ,freetown_ma,ZZZZ
498,ZZZZ,ZZZZ,wheelock_vt,ZZZZ
499,ZZZZ,ZZZZ,ed 20_ak,ZZZZ
500,ZZZZ,ZZZZ,fall river_ma,ZZZZ
501,ZZZZ,ZZZZ,hampton_ct,ZZZZ
502,ZZZZ,ZZZZ,lyndon_vt,ZZZZ
503,ZZZZ,ZZZZ,ed 4_ak,ZZZZ
504,ZZZZ,ZZZZ,hampton falls_nh,ZZZZ
505,ZZZZ,ZZZZ,fayston_vt,ZZZZ
506,ZZZZ,ZZZZ,williston_vt,ZZZZ
507,ZZZZ,ZZZZ,adams_ma,ZZZZ
508,ZZZZ,ZZZZ,castine_me,ZZZZ
509,ZZZZ,ZZZZ,seekonk_ma,ZZZZ
510,ZZZZ,ZZZZ,mexico_me,ZZZZ
511,ZZZZ,ZZZZ,killingly_ct,ZZZZ
512,ZZZZ,ZZZZ,sandown_nh,ZZZZ
513,ZZZZ,ZZZZ,ferrisburg_vt,ZZZZ
514,ZZZZ,ZZZZ,standish_me,ZZZZ
515,ZZZZ,ZZZZ,ed 18_ak,ZZZZ
516,ZZZZ,ZZZZ,piscataquis cty townshps_me,ZZZZ
517,ZZZZ,ZZZZ,farmington_me,ZZZZ
518,ZZZZ,ZZZZ,winchester_ma,ZZZZ
519,ZZZZ,ZZZZ,cornwall_vt,ZZZZ
520,ZZZZ,ZZZZ,prospect_me,ZZZZ
521,ZZZZ,ZZZZ,upton_ma,ZZZZ
522,ZZZZ,ZZZZ,biddeford_me,ZZZZ
523,ZZZZ,ZZZZ,scituate_ma,ZZZZ
524,ZZZZ,ZZZZ,winthrop_me,ZZZZ
525,ZZZZ,ZZZZ,deering_nh,ZZZZ
526,ZZZZ,ZZZZ,franklin cty townships_me,ZZZZ
527,ZZZZ,ZZZZ,east hampton_ct,ZZZZ
528,ZZZZ,ZZZZ,temple_me,ZZZZ
529,ZZZZ,ZZZZ,bow_nh,ZZZZ
530,ZZZZ,ZZZZ,north canaan_ct,ZZZZ
531,ZZZZ,ZZZZ,corinth_me,ZZZZ
532,ZZZZ,ZZZZ,rehoboth_ma,ZZZZ
533,ZZZZ,ZZZZ,elmore_vt,ZZZZ
534,ZZZZ,ZZZZ,east greenwich_ri,ZZZZ
535,ZZZZ,ZZZZ,mercer_me,ZZZZ
536,ZZZZ,ZZZZ,rockland_me,ZZZZ
537,ZZZZ,ZZZZ,woodland_me,ZZZZ
538,ZZZZ,ZZZZ,windsor_ct,ZZZZ
539,ZZZZ,ZZZZ,victory_vt,ZZZZ
540,ZZZZ,ZZZZ,newark_vt,ZZZZ
541,ZZZZ,ZZZZ,reading_vt,ZZZZ
542,ZZZZ,ZZZZ,cabot_vt,ZZZZ
543,ZZZZ,ZZZZ,killingworth_ct,ZZZZ
544,ZZZZ,ZZZZ,weathersfield_vt,ZZZZ
545,ZZZZ,ZZZZ,south kingstown_ri,ZZZZ
546,ZZZZ,ZZZZ,eddington_me,ZZZZ
547,ZZZZ,ZZZZ,jackman_me,ZZZZ
548,ZZZZ,ZZZZ,searsmont_me,ZZZZ
549,ZZZZ,ZZZZ,wales_me,ZZZZ
550,ZZZZ,ZZZZ,orange_nh,ZZZZ
551,ZZZZ,ZZZZ,ryegate_vt,ZZZZ
552,ZZZZ,ZZZZ,new marlborough_ma,ZZZZ
553,ZZZZ,ZZZZ,livermore_me,ZZZZ
554,ZZZZ,ZZZZ,pittsfield_vt,ZZZZ
555,ZZZZ,ZZZZ,cherryfield_me,ZZZZ
556,ZZZZ,ZZZZ,bernardston_ma,ZZZZ
557,ZZZZ,ZZZZ,readfield_me,ZZZZ
558,ZZZZ,ZZZZ,ed 37_ak,ZZZZ
559,ZZZZ,ZZZZ,coventry_ri,ZZZZ
560,ZZZZ,ZZZZ,phillips_me,ZZZZ
561,ZZZZ,ZZZZ,bucksport_me,ZZZZ
562,ZZZZ,ZZZZ,newtown_ct,ZZZZ
563,ZZZZ,ZZZZ,lincoln_ma,ZZZZ
564,ZZZZ,ZZZZ,eden_vt,ZZZZ
565,ZZZZ,ZZZZ,rumney_nh,ZZZZ
566,ZZZZ,ZZZZ,stoddard_nh,ZZZZ
567,ZZZZ,ZZZZ,harwich_ma,ZZZZ
568,ZZZZ,ZZZZ,wolcott_vt,ZZZZ
569,ZZZZ,ZZZZ,rangeley plt._me,ZZZZ
570,ZZZZ,ZZZZ,grantham_nh,ZZZZ
571,ZZZZ,ZZZZ,hyde park_vt,ZZZZ
572,ZZZZ,ZZZZ,auburn_nh,ZZZZ
573,ZZZZ,ZZZZ,acton_me,ZZZZ
574,ZZZZ,ZZZZ,douglas_ma,ZZZZ
575,ZZZZ,ZZZZ,milford_ct,ZZZZ
576,ZZZZ,ZZZZ,stonington_me,ZZZZ
577,ZZZZ,ZZZZ,eustis_me,ZZZZ
578,ZZZZ,ZZZZ,bethlehem_ct,ZZZZ
579,ZZZZ,ZZZZ,gardiner_me,ZZZZ
580,ZZZZ,ZZZZ,sandisfield_ma,ZZZZ
581,ZZZZ,ZZZZ,southington_ct,ZZZZ
582,ZZZZ,ZZZZ,ed 26_ak,ZZZZ
583,ZZZZ,ZZZZ,fairfield_me,ZZZZ
584,ZZZZ,ZZZZ,shaftsbury_vt,ZZZZ
585,ZZZZ,ZZZZ,madison_nh,ZZZZ
586,ZZZZ,ZZZZ,dorchester_nh,ZZZZ
587,ZZZZ,ZZZZ,wilmington_ma,ZZZZ
588,ZZZZ,ZZZZ,bethel_ct,ZZZZ
589,ZZZZ,ZZZZ,kenduskeag_me,ZZZZ
590,ZZZZ,ZZZZ,chilmark_ma,ZZZZ
591,ZZZZ,ZZZZ,pittsburg_nh,ZZZZ
592,ZZZZ,ZZZZ,skowhegan_me,ZZZZ
593,ZZZZ,ZZZZ,cromwell_ct,ZZZZ
594,ZZZZ,ZZZZ,colebrook_ct,ZZZZ
595,ZZZZ,ZZZZ,berlin_ma,ZZZZ
596,ZZZZ,ZZZZ,athol_ma,ZZZZ
597,ZZZZ,ZZZZ,cornville_me,ZZZZ
598,ZZZZ,ZZZZ,pelham_ma,ZZZZ
599,ZZZZ,ZZZZ,westmore_vt,ZZZZ
600,ZZZZ,ZZZZ,grafton_vt,ZZZZ
601,ZZZZ,ZZZZ,winterville plt._me,ZZZZ
602,ZZZZ,ZZZZ,ed 35_ak,ZZZZ
603,ZZZZ,ZZZZ,machiasport_me,ZZZZ
604,ZZZZ,ZZZZ,st. francis_me,ZZZZ
605,ZZZZ,ZZZZ,baldwin_me,ZZZZ
606,ZZZZ,ZZZZ,georgetown_me,ZZZZ
607,ZZZZ,ZZZZ,gloucester_ma,ZZZZ
608,ZZZZ,ZZZZ,atkinson_nh,ZZZZ
609,ZZZZ,ZZZZ,barre town_vt,ZZZZ
610,ZZZZ,ZZZZ,dresden_me,ZZZZ
611,ZZZZ,ZZZZ,framingham_ma,ZZZZ
612,ZZZZ,ZZZZ,andover_ct,ZZZZ
613,ZZZZ,ZZZZ,middletown_ct,ZZZZ
614,ZZZZ,ZZZZ,chesterfield_nh,ZZZZ
615,ZZZZ,ZZZZ,beddington_me,ZZZZ
616,ZZZZ,ZZZZ,kirby_vt,ZZZZ
617,ZZZZ,ZZZZ,acushnet_ma,ZZZZ
618,ZZZZ,ZZZZ,bennington_nh,ZZZZ
619,ZZZZ,ZZZZ,stow_ma,ZZZZ
620,ZZZZ,ZZZZ,palermo_me,ZZZZ
621,ZZZZ,ZZZZ,highgate_vt,ZZZZ
622,ZZZZ,ZZZZ,milford_ma,ZZZZ
623,ZZZZ,ZZZZ,ripley_me,ZZZZ
624,ZZZZ,ZZZZ,wells_me,ZZZZ
625,ZZZZ,ZZZZ,worcester_vt,ZZZZ
626,ZZZZ,ZZZZ,bingham_me,ZZZZ
627,ZZZZ,ZZZZ,westborough_ma,ZZZZ
628,ZZZZ,ZZZZ,westport_ct,ZZZZ
629,ZZZZ,ZZZZ,lincoln_nh,ZZZZ
630,ZZZZ,ZZZZ,jamaica_vt,ZZZZ
631,ZZZZ,ZZZZ,island falls_me,ZZZZ
632,ZZZZ,ZZZZ,bradley_me,ZZZZ
633,ZZZZ,ZZZZ,goshen_ct,ZZZZ
634,ZZZZ,ZZZZ,concord_nh,ZZZZ
635,ZZZZ,ZZZZ,atkinson_me,ZZZZ
636,ZZZZ,ZZZZ,medford_me,ZZZZ
637,ZZZZ,ZZZZ,little compton_ri,ZZZZ
638,ZZZZ,ZZZZ,grand lake stream plt_me,ZZZZ
639,ZZZZ,ZZZZ,newcastle_me,ZZZZ
640,ZZZZ,ZZZZ,hampstead_nh,ZZZZ
641,ZZZZ,ZZZZ,wilton_nh,ZZZZ
642,ZZZZ,ZZZZ,naples_me,ZZZZ
643,ZZZZ,ZZZZ,lyman_nh,ZZZZ
644,ZZZZ,ZZZZ,shirley_ma,ZZZZ
645,ZZZZ,ZZZZ,enfield_me,ZZZZ
646,ZZZZ,ZZZZ,beacon falls_ct,ZZZZ
647,ZZZZ,ZZZZ,andover_ma,ZZZZ
648,ZZZZ,ZZZZ,carver_ma,ZZZZ
649,ZZZZ,ZZZZ,stowe_vt,ZZZZ
650,ZZZZ,ZZZZ,old saybrook_ct,ZZZZ
651,ZZZZ,ZZZZ,gilead_me,ZZZZ
652,ZZZZ,ZZZZ,sunderland_vt,ZZZZ
653,ZZZZ,ZZZZ,lagrange_me,ZZZZ
654,ZZZZ,ZZZZ,chapman_me,ZZZZ
655,ZZZZ,ZZZZ,passadumkeag_me,ZZZZ
656,ZZZZ,ZZZZ,middletown_ri,ZZZZ
657,ZZZZ,ZZZZ,plainfield_vt,ZZZZ
658,ZZZZ,ZZZZ,glocester_ri,ZZZZ
659,ZZZZ,ZZZZ,lubec_me,ZZZZ
660,ZZZZ,ZZZZ,washburn_me,ZZZZ
661,ZZZZ,ZZZZ,wesley_me,ZZZZ
662,ZZZZ,ZZZZ,lemington_vt,ZZZZ
663,ZZZZ,ZZZZ,east providence_ri,ZZZZ
664,ZZZZ,ZZZZ,eastbrook_me,ZZZZ
665,ZZZZ,ZZZZ,vinalhaven_me,ZZZZ
666,ZZZZ,ZZZZ,carthage_me,ZZZZ
667,ZZZZ,ZZZZ,montville_me,ZZZZ
668,ZZZZ,ZZZZ,stockholm_me,ZZZZ
669,ZZZZ,ZZZZ,ed 13_ak,ZZZZ
670,ZZZZ,ZZZZ,amherst_ma,ZZZZ
671,ZZZZ,ZZZZ,barrington_nh,ZZZZ
672,ZZZZ,ZZZZ,dalton_nh,ZZZZ
673,ZZZZ,ZZZZ,poultney_vt,ZZZZ
674,ZZZZ,ZZZZ,cambridge_vt,ZZZZ
675,ZZZZ,ZZZZ,brownville_me,ZZZZ
676,ZZZZ,ZZZZ,wareham_ma,ZZZZ
677,ZZZZ,ZZZZ,owl's head_me,ZZZZ
678,ZZZZ,ZZZZ,chester_ma,ZZZZ
679,ZZZZ,ZZZZ,brookfield_vt,ZZZZ
680,ZZZZ,ZZZZ,salem_ma,ZZZZ
681,ZZZZ,ZZZZ,sherman_ct,ZZZZ
682,ZZZZ,ZZZZ,orleans_ma,ZZZZ
683,ZZZZ,ZZZZ,billerica_ma,ZZZZ
684,ZZZZ,ZZZZ,waldoboro_me,ZZZZ
685,ZZZZ,ZZZZ,abbot_me,ZZZZ
686,ZZZZ,ZZZZ,hampden_me,ZZZZ
687,ZZZZ,ZZZZ,deblois_me,ZZZZ
688,ZZZZ,ZZZZ,liberty_me,ZZZZ
689,ZZZZ,ZZZZ,harrington_me,ZZZZ
690,ZZZZ,ZZZZ,tuftonboro_nh,ZZZZ
691,ZZZZ,ZZZZ,bowerbank_me,ZZZZ
692,ZZZZ,ZZZZ,danforth_me,ZZZZ
693,ZZZZ,ZZZZ,winn_me,ZZZZ
694,ZZZZ,ZZZZ,lanesborough_ma,ZZZZ
695,ZZZZ,ZZZZ,jonesboro_me,ZZZZ
696,ZZZZ,ZZZZ,huntington_ma,ZZZZ
697,ZZZZ,ZZZZ,hardwick_ma,ZZZZ
698,ZZZZ,ZZZZ,hudson_ma,ZZZZ
699,ZZZZ,ZZZZ,millinocket_me,ZZZZ
700,ZZZZ,ZZZZ,moscow_me,ZZZZ
701,ZZZZ,ZZZZ,brunswick_vt,ZZZZ
702,ZZZZ,ZZZZ,ed 30_ak,ZZZZ
703,ZZZZ,ZZZZ,new haven_vt,ZZZZ
704,ZZZZ,ZZZZ,garland_me,ZZZZ
705,ZZZZ,ZZZZ,warren_ri,ZZZZ
706,ZZZZ,ZZZZ,shelton_ct,ZZZZ
707,ZZZZ,ZZZZ,gilsum_nh,ZZZZ
708,ZZZZ,ZZZZ,cumberland_ri,ZZZZ
709,ZZZZ,ZZZZ,sugar hill_nh,ZZZZ
710,ZZZZ,ZZZZ,madbury_nh,ZZZZ
711,ZZZZ,ZZZZ,stafford_ct,ZZZZ
712,ZZZZ,ZZZZ,rockport_me,ZZZZ
713,ZZZZ,ZZZZ,groton_nh,ZZZZ
714,ZZZZ,ZZZZ,hanover_me,ZZZZ
715,ZZZZ,ZZZZ,hanover_nh,ZZZZ
716,ZZZZ,ZZZZ,foxborough_ma,ZZZZ
717,ZZZZ,ZZZZ,pittsfield_nh,ZZZZ
718,ZZZZ,ZZZZ,alton_nh,ZZZZ
719,ZZZZ,ZZZZ,peabody_ma,ZZZZ
720,ZZZZ,ZZZZ,montville_ct,ZZZZ
721,ZZZZ,ZZZZ,lynn_ma,ZZZZ
722,ZZZZ,ZZZZ,braintree_vt,ZZZZ
723,ZZZZ,ZZZZ,phippsburg_me,ZZZZ
724,ZZZZ,ZZZZ,wayne_me,ZZZZ
725,ZZZZ,ZZZZ,deerfield_ma,ZZZZ
726,ZZZZ,ZZZZ,northwood_nh,ZZZZ
727,ZZZZ,ZZZZ,ashby_ma,ZZZZ
728,ZZZZ,ZZZZ,wolcott_ct,ZZZZ
729,ZZZZ,ZZZZ,lancaster_nh,ZZZZ
730,ZZZZ,ZZZZ,chatham_nh,ZZZZ
731,ZZZZ,ZZZZ,boylston_ma,ZZZZ
732,ZZZZ,ZZZZ,mashpee_ma,ZZZZ
733,ZZZZ,ZZZZ,ed 6_ak,ZZZZ
734,ZZZZ,ZZZZ,bozrah_ct,ZZZZ
735,ZZZZ,ZZZZ,ripton_vt,ZZZZ
736,ZZZZ,ZZZZ,newburyport_ma,ZZZZ
737,ZZZZ,ZZZZ,ashland_me,ZZZZ
738,ZZZZ,ZZZZ,new ipswich_nh,ZZZZ
739,ZZZZ,ZZZZ,watertown_ct,ZZZZ
740,ZZZZ,ZZZZ,dartmouth_ma,ZZZZ
741,ZZZZ,ZZZZ,francestown_nh,ZZZZ
742,ZZZZ,ZZZZ,dudley_ma,ZZZZ
743,ZZZZ,ZZZZ,kingfield_me,ZZZZ
744,ZZZZ,ZZZZ,greenfield_nh,ZZZZ
745,ZZZZ,ZZZZ,stamford_vt,ZZZZ
746,ZZZZ,ZZZZ,aurora_me,ZZZZ
747,ZZZZ,ZZZZ,fairfield_vt,ZZZZ
748,ZZZZ,ZZZZ,newton_nh,ZZZZ
749,ZZZZ,ZZZZ,frenchville_me,ZZZZ
750,ZZZZ,ZZZZ,hodgdon_me,ZZZZ
751,ZZZZ,ZZZZ,cranberry isles_me,ZZZZ
752,ZZZZ,ZZZZ,dunbarton_nh,ZZZZ
753,ZZZZ,ZZZZ,sorrento_me,ZZZZ
754,ZZZZ,ZZZZ,sterling_ma,ZZZZ
755,ZZZZ,ZZZZ,brooks_me,ZZZZ
756,ZZZZ,ZZZZ,waterville_me,ZZZZ
757,ZZZZ,ZZZZ,raynham_ma,ZZZZ
758,ZZZZ,ZZZZ,kittery_me,ZZZZ
759,ZZZZ,ZZZZ,pleasant ridge plt._me,ZZZZ
760,ZZZZ,ZZZZ,grand isle_me,ZZZZ
761,ZZZZ,ZZZZ,pittsford_vt,ZZZZ
762,ZZZZ,ZZZZ,howland_me,ZZZZ
763,ZZZZ,ZZZZ,penobscot nation vot dst_me,ZZZZ
764,ZZZZ,ZZZZ,avon_ct,ZZZZ
765,ZZZZ,ZZZZ,leicester_vt,ZZZZ
766,ZZZZ,ZZZZ,saco_me,ZZZZ
767,ZZZZ,ZZZZ,narragansett_ri,ZZZZ
768,ZZZZ,ZZZZ,melrose_ma,ZZZZ
769,ZZZZ,ZZZZ,chaplin_ct,ZZZZ
770,ZZZZ,ZZZZ,arundel_me,ZZZZ
771,ZZZZ,ZZZZ,new hampton_nh,ZZZZ
772,ZZZZ,ZZZZ,franklin_ct,ZZZZ
773,ZZZZ,ZZZZ,merrimac_ma,ZZZZ
774,ZZZZ,ZZZZ,danvers_ma,ZZZZ
775,ZZZZ,ZZZZ,stacyville_me,ZZZZ
776,ZZZZ,ZZZZ,medway_ma,ZZZZ
777,ZZZZ,ZZZZ,wayland_ma,ZZZZ
778,ZZZZ,ZZZZ,chelsea_vt,ZZZZ
779,ZZZZ,ZZZZ,northport_me,ZZZZ
780,ZZZZ,ZZZZ,palmer_ma,ZZZZ
781,ZZZZ,ZZZZ,pittston_me,ZZZZ
782,ZZZZ,ZZZZ,west gardiner_me,ZZZZ
783,ZZZZ,ZZZZ,boston_ma,ZZZZ
784,ZZZZ,ZZZZ,stewartstown_nh,ZZZZ
785,ZZZZ,ZZZZ,kingston_nh,ZZZZ
786,ZZZZ,ZZZZ,webster_nh,ZZZZ
787,ZZZZ,ZZZZ,whitefield_nh,ZZZZ
788,ZZZZ,ZZZZ,swan's island_me,ZZZZ
789,ZZZZ,ZZZZ,greenwood_me,ZZZZ
790,ZZZZ,ZZZZ,calais_me,ZZZZ
791,ZZZZ,ZZZZ,georgetown_ma,ZZZZ
792,ZZZZ,ZZZZ,west bridgewater_ma,ZZZZ
793,ZZZZ,ZZZZ,southborough_ma,ZZZZ
794,ZZZZ,ZZZZ,montpelier_vt,ZZZZ
795,ZZZZ,ZZZZ,new gloucester_me,ZZZZ
796,ZZZZ,ZZZZ,shelburne_vt,ZZZZ
797,ZZZZ,ZZZZ,fairfax_vt,ZZZZ
798,ZZZZ,ZZZZ,waterville_nh,ZZZZ
799,ZZZZ,ZZZZ,plymouth_vt,ZZZZ
800,ZZZZ,ZZZZ,dixmont_me,ZZZZ
801,ZZZZ,ZZZZ,holbrook_ma,ZZZZ
802,ZZZZ,ZZZZ,mars hill_me,ZZZZ
803,ZZZZ,ZZZZ,linneus_me,ZZZZ
804,ZZZZ,ZZZZ,canaan_me,ZZZZ
805,ZZZZ,ZZZZ,fort fairfield_me,ZZZZ
806,ZZZZ,ZZZZ,concord_vt,ZZZZ
807,ZZZZ,ZZZZ,rochester_ma,ZZZZ
808,ZZZZ,ZZZZ,salem_ct,ZZZZ
809,ZZZZ,ZZZZ,brimfield_ma,ZZZZ
810,ZZZZ,ZZZZ,allenstown_nh,ZZZZ
811,ZZZZ,ZZZZ,sharon_ma,ZZZZ
812,ZZZZ,ZZZZ,whitneyville_me,ZZZZ
813,ZZZZ,ZZZZ,vernon_vt,ZZZZ
814,ZZZZ,ZZZZ,ridgefield_ct,ZZZZ
815,ZZZZ,ZZZZ,boxford_ma,ZZZZ
816,ZZZZ,ZZZZ,henniker_nh,ZZZZ
817,ZZZZ,ZZZZ,sturbridge_ma,ZZZZ
818,ZZZZ,ZZZZ,waterbury_vt,ZZZZ
819,ZZZZ,ZZZZ,industry_me,ZZZZ
820,ZZZZ,ZZZZ,westport_ma,ZZZZ
821,ZZZZ,ZZZZ,buckfield_me,ZZZZ
822,ZZZZ,ZZZZ,berlin_ct,ZZZZ
823,ZZZZ,ZZZZ,clifton_me,ZZZZ
824,ZZZZ,ZZZZ,canton_ct,ZZZZ
825,ZZZZ,ZZZZ,rockingham_vt,ZZZZ
826,ZZZZ,ZZZZ,stratford_ct,ZZZZ
827,ZZZZ,ZZZZ,newburgh_me,ZZZZ
828,ZZZZ,ZZZZ,darien_ct,ZZZZ
829,ZZZZ,ZZZZ,vienna_me,ZZZZ
830,ZZZZ,ZZZZ,moose river_me,ZZZZ
831,ZZZZ,ZZZZ,westport_me,ZZZZ
832,ZZZZ,ZZZZ,conway_nh,ZZZZ
833,ZZZZ,ZZZZ,north adams_ma,ZZZZ
834,ZZZZ,ZZZZ,cornwall_ct,ZZZZ
835,ZZZZ,ZZZZ,hancock cty townships_me,ZZZZ
836,ZZZZ,ZZZZ,blandford_ma,ZZZZ
837,ZZZZ,ZZZZ,milo_me,ZZZZ
838,ZZZZ,ZZZZ,southport_me,ZZZZ
839,ZZZZ,ZZZZ,marlborough_ma,ZZZZ
840,ZZZZ,ZZZZ,alburgh_vt,ZZZZ
841,ZZZZ,ZZZZ,sweden_me,ZZZZ
842,ZZZZ,ZZZZ,hubbardston_ma,ZZZZ
843,ZZZZ,ZZZZ,north stonington_ct,ZZZZ
844,ZZZZ,ZZZZ,union_ct,ZZZZ
845,ZZZZ,ZZZZ,errol_nh,ZZZZ
846,ZZZZ,ZZZZ,ed 29_ak,ZZZZ
847,ZZZZ,ZZZZ,milford_me,ZZZZ
848,ZZZZ,ZZZZ,ogunquit_me,ZZZZ
849,ZZZZ,ZZZZ,castleton_vt,ZZZZ
850,ZZZZ,ZZZZ,oxford_ma,ZZZZ
851,ZZZZ,ZZZZ,appleton_me,ZZZZ
852,ZZZZ,ZZZZ,wrentham_ma,ZZZZ
853,ZZZZ,ZZZZ,cornish_me,ZZZZ
854,ZZZZ,ZZZZ,pomfret_vt,ZZZZ
855,ZZZZ,ZZZZ,temple_nh,ZZZZ
856,ZZZZ,ZZZZ,woodstock_me,ZZZZ
857,ZZZZ,ZZZZ,milbridge_me,ZZZZ
858,ZZZZ,ZZZZ,acton_ma,ZZZZ
859,ZZZZ,ZZZZ,north hero_vt,ZZZZ
860,ZZZZ,ZZZZ,farmington_ct,ZZZZ
861,ZZZZ,ZZZZ,johnston_ri,ZZZZ
862,ZZZZ,ZZZZ,hardwick_vt,ZZZZ
863,ZZZZ,ZZZZ,gorham_me,ZZZZ
864,ZZZZ,ZZZZ,readsboro_vt,ZZZZ
865,ZZZZ,ZZZZ,rumford_me,ZZZZ
866,ZZZZ,ZZZZ,pleasant point votng dst_me,ZZZZ
867,ZZZZ,ZZZZ,plainfield_ma,ZZZZ
868,ZZZZ,ZZZZ,vergennes_vt,ZZZZ
869,ZZZZ,ZZZZ,poland_me,ZZZZ
870,ZZZZ,ZZZZ,sheffield_vt,ZZZZ
871,ZZZZ,ZZZZ,montague_ma,ZZZZ
872,ZZZZ,ZZZZ,arlington_ma,ZZZZ
873,ZZZZ,ZZZZ,new milford_ct,ZZZZ
874,ZZZZ,ZZZZ,malden_ma,ZZZZ
875,ZZZZ,ZZZZ,madison_ct,ZZZZ
876,ZZZZ,ZZZZ,bolton_ct,ZZZZ
877,ZZZZ,ZZZZ,brookfield_ct,ZZZZ
878,ZZZZ,ZZZZ,montgomery_ma,ZZZZ
879,ZZZZ,ZZZZ,sherborn_ma,ZZZZ
880,ZZZZ,ZZZZ,rochester_nh,ZZZZ
881,ZZZZ,ZZZZ,hartland_ct,ZZZZ
882,ZZZZ,ZZZZ,medfield_ma,ZZZZ
883,ZZZZ,ZZZZ,morristown_vt,ZZZZ
884,ZZZZ,ZZZZ,west tisbury_ma,ZZZZ
885,ZZZZ,ZZZZ,new canaan_ct,ZZZZ
886,ZZZZ,ZZZZ,amesbury_ma,ZZZZ
887,ZZZZ,ZZZZ,lisbon_nh,ZZZZ
888,ZZZZ,ZZZZ,auburn_me,ZZZZ
889,ZZZZ,ZZZZ,winslow_me,ZZZZ
890,ZZZZ,ZZZZ,woonsocket_ri,ZZZZ
891,ZZZZ,ZZZZ,needham_ma,ZZZZ
892,ZZZZ,ZZZZ,clinton_ma,ZZZZ
893,ZZZZ,ZZZZ,plymouth_ct,ZZZZ
894,ZZZZ,ZZZZ,shelburne_nh,ZZZZ
895,ZZZZ,ZZZZ,ed 11_ak,ZZZZ
896,ZZZZ,ZZZZ,gill_ma,ZZZZ
897,ZZZZ,ZZZZ,pawtucket_ri,ZZZZ
898,ZZZZ,ZZZZ,scarborough_me,ZZZZ
899,ZZZZ,ZZZZ,beverly_ma,ZZZZ
900,ZZZZ,ZZZZ,franklin_nh,ZZZZ
901,ZZZZ,ZZZZ,newbury_ma,ZZZZ
902,ZZZZ,ZZZZ,carlisle_ma,ZZZZ
903,ZZZZ,ZZZZ,farmingdale_me,ZZZZ
904,ZZZZ,ZZZZ,sunderland_ma,ZZZZ
905,ZZZZ,ZZZZ,burrillville_ri,ZZZZ
906,ZZZZ,ZZZZ,cushing_me,ZZZZ
907,ZZZZ,ZZZZ,ed 22_ak,ZZZZ
908,ZZZZ,ZZZZ,hinsdale_nh,ZZZZ
909,ZZZZ,ZZZZ,damariscotta_me,ZZZZ
910,ZZZZ,ZZZZ,mount washington_ma,ZZZZ
911,ZZZZ,ZZZZ,beals_me,ZZZZ
912,ZZZZ,ZZZZ,saint agatha_me,ZZZZ
913,ZZZZ,ZZZZ,natick_ma,ZZZZ
914,ZZZZ,ZZZZ,ayer_ma,ZZZZ
915,ZZZZ,ZZZZ,sterling_ct,ZZZZ
916,ZZZZ,ZZZZ,bar harbor_me,ZZZZ
917,ZZZZ,ZZZZ,pittsfield_me,ZZZZ
918,ZZZZ,ZZZZ,levant_me,ZZZZ
919,ZZZZ,ZZZZ,pembroke_ma,ZZZZ
920,ZZZZ,ZZZZ,new sweden_me,ZZZZ
921,ZZZZ,ZZZZ,mattapoisett_ma,ZZZZ
922,ZZZZ,ZZZZ,holland_ma,ZZZZ
923,ZZZZ,ZZZZ,westhampton_ma,ZZZZ
924,ZZZZ,ZZZZ,hammond_me,ZZZZ
925,ZZZZ,ZZZZ,perry_me,ZZZZ
926,ZZZZ,ZZZZ,ed 40_ak,ZZZZ
927,ZZZZ,ZZZZ,west stockbridge_ma,ZZZZ
928,ZZZZ,ZZZZ,highland plt._me,ZZZZ
929,ZZZZ,ZZZZ,bremen_me,ZZZZ
930,ZZZZ,ZZZZ,coventry_vt,ZZZZ
931,ZZZZ,ZZZZ,alstead_nh,ZZZZ
932,ZZZZ,ZZZZ,nashville plt._me,ZZZZ
933,ZZZZ,ZZZZ,woodville_me,ZZZZ
934,ZZZZ,ZZZZ,maidstone_vt,ZZZZ
935,ZZZZ,ZZZZ,marlborough_ct,ZZZZ
936,ZZZZ,ZZZZ,berkley_ma,ZZZZ
937,ZZZZ,ZZZZ,harvard_ma,ZZZZ
938,ZZZZ,ZZZZ,minot_me,ZZZZ
939,ZZZZ,ZZZZ,huntington_vt,ZZZZ
940,ZZZZ,ZZZZ,roque bluffs_me,ZZZZ
941,ZZZZ,ZZZZ,lebanon_me,ZZZZ
942,ZZZZ,ZZZZ,dighton_ma,ZZZZ
943,ZZZZ,ZZZZ,seboeis plt._me,ZZZZ
944,ZZZZ,ZZZZ,exeter_nh,ZZZZ
945,ZZZZ,ZZZZ,rutland_ma,ZZZZ
946,ZZZZ,ZZZZ,portland_ct,ZZZZ
947,ZZZZ,ZZZZ,anson_me,ZZZZ
948,ZZZZ,ZZZZ,thetford_vt,ZZZZ
949,ZZZZ,ZZZZ,ellington_ct,ZZZZ
950,ZZZZ,ZZZZ,east longmeadow_ma,ZZZZ
951,ZZZZ,ZZZZ,barnard_vt,ZZZZ
952,ZZZZ,ZZZZ,aroostook cty townships_me,ZZZZ
953,ZZZZ,ZZZZ,frenchboro_me,ZZZZ
954,ZZZZ,ZZZZ,plainville_ct,ZZZZ
955,ZZZZ,ZZZZ,templeton_ma,ZZZZ
956,ZZZZ,ZZZZ,bloomfield_ct,ZZZZ
957,ZZZZ,ZZZZ,alexander_me,ZZZZ
958,ZZZZ,ZZZZ,north smithfield_ri,ZZZZ
959,ZZZZ,ZZZZ,roxbury_vt,ZZZZ
960,ZZZZ,ZZZZ,cummington_ma,ZZZZ
961,ZZZZ,ZZZZ,windsor_ma,ZZZZ
962,ZZZZ,ZZZZ,dover_nh,ZZZZ
963,ZZZZ,ZZZZ,ludlow_me,ZZZZ
964,ZZZZ,ZZZZ,sidney_me,ZZZZ
965,ZZZZ,ZZZZ,marshfield_me,ZZZZ
966,ZZZZ,ZZZZ,fairlee_vt,ZZZZ
967,ZZZZ,ZZZZ,smithfield_ri,ZZZZ
968,ZZZZ,ZZZZ,monroe_me,ZZZZ
969,ZZZZ,ZZZZ,lincolnville_me,ZZZZ
970,ZZZZ,ZZZZ,reed plt._me,ZZZZ
971,ZZZZ,ZZZZ,middlefield_ma,ZZZZ
972,ZZZZ,ZZZZ,millis_ma,ZZZZ
973,ZZZZ,ZZZZ,st. johnsbury_vt,ZZZZ
974,ZZZZ,ZZZZ,vershire_vt,ZZZZ
975,ZZZZ,ZZZZ,clinton_ct,ZZZZ
976,ZZZZ,ZZZZ,kennebunkport_me,ZZZZ
977,ZZZZ,ZZZZ,tewksbury_ma,ZZZZ
978,ZZZZ,ZZZZ,unity_nh,ZZZZ
979,ZZZZ,ZZZZ,plymouth_nh,ZZZZ
980,ZZZZ,ZZZZ,bradford_nh,ZZZZ
981,ZZZZ,ZZZZ,pelham_nh,ZZZZ
982,ZZZZ,ZZZZ,wilton_ct,ZZZZ
983,ZZZZ,ZZZZ,old lyme_ct,ZZZZ
984,ZZZZ,ZZZZ,frye island_me,ZZZZ
985,ZZZZ,ZZZZ,new britain_ct,ZZZZ
986,ZZZZ,ZZZZ,blue hill_me,ZZZZ
987,ZZZZ,ZZZZ,auburn_ma,ZZZZ
988,ZZZZ,ZZZZ,brewer_me,ZZZZ
989,ZZZZ,ZZZZ,wilmot_nh,ZZZZ
990,ZZZZ,ZZZZ,haverhill_nh,ZZZZ
991,ZZZZ,ZZZZ,norridgewock_me,ZZZZ
992,ZZZZ,ZZZZ,bath_nh,ZZZZ
993,ZZZZ,ZZZZ,easton_ct,ZZZZ
994,ZZZZ,ZZZZ,union_me,ZZZZ
995,ZZZZ,ZZZZ,winhall_vt,ZZZZ
996,ZZZZ,ZZZZ,walpole_nh,ZZZZ
997,ZZZZ,ZZZZ,kensington_nh,ZZZZ
998,ZZZZ,ZZZZ,egremont_ma,ZZZZ
999,ZZZZ,ZZZZ,danville_nh,ZZZZ
1000,ZZZZ,ZZZZ,merrill_me,ZZZZ
1001,ZZZZ,ZZZZ,frankfort_me,ZZZZ
1002,ZZZZ,ZZZZ,gray_me,ZZZZ
1003,ZZZZ,ZZZZ,sheffield_ma,ZZZZ
1004,ZZZZ,ZZZZ,springfield_me,ZZZZ
1005,ZZZZ,ZZZZ,newmarket_nh,ZZZZ
1006,ZZZZ,ZZZZ,lovell_me,ZZZZ
1007,ZZZZ,ZZZZ,thorndike_me,ZZZZ
1008,ZZZZ,ZZZZ,south portland_me,ZZZZ
1009,ZZZZ,ZZZZ,somerset_ma,ZZZZ
1010,ZZZZ,ZZZZ,northborough_ma,ZZZZ
1011,ZZZZ,ZZZZ,west brookfield_ma,ZZZZ
1012,ZZZZ,ZZZZ,hollis_me,ZZZZ
1013,ZZZZ,ZZZZ,gilford_nh,ZZZZ
1014,ZZZZ,ZZZZ,whately_ma,ZZZZ
1015,ZZZZ,ZZZZ,meddybemps_me,ZZZZ
1016,ZZZZ,ZZZZ,goffstown_nh,ZZZZ
1017,ZZZZ,ZZZZ,groton_ma,ZZZZ
1018,ZZZZ,ZZZZ,searsport_me,ZZZZ
1019,ZZZZ,ZZZZ,ossipee_nh,ZZZZ
1020,ZZZZ,ZZZZ,wallagrass_me,ZZZZ
1021,ZZZZ,ZZZZ,charleston_vt,ZZZZ
1022,ZZZZ,ZZZZ,fairhaven_ma,ZZZZ
1023,ZZZZ,ZZZZ,proctor_vt,ZZZZ
1024,ZZZZ,ZZZZ,stockbridge_ma,ZZZZ
1025,ZZZZ,ZZZZ,salisbury_ct,ZZZZ
1026,ZZZZ,ZZZZ,warren_nh,ZZZZ
1027,ZZZZ,ZZZZ,warwick_ri,ZZZZ
1028,ZZZZ,ZZZZ,newbury_nh,ZZZZ
1029,ZZZZ,ZZZZ,limerick_me,ZZZZ
1030,ZZZZ,ZZZZ,lamoine_me,ZZZZ
1031,ZZZZ,ZZZZ,manchester_ma,ZZZZ
1032,ZZZZ,ZZZZ,brooklin_me,ZZZZ
1033,ZZZZ,ZZZZ,shelburne_ma,ZZZZ
1034,ZZZZ,ZZZZ,marlow_nh,ZZZZ
1035,ZZZZ,ZZZZ,east millinocket_me,ZZZZ
1036,ZZZZ,ZZZZ,granville_vt,ZZZZ
1037,ZZZZ,ZZZZ,westmanland_me,ZZZZ
1038,ZZZZ,ZZZZ,patten_me,ZZZZ
1039,ZZZZ,ZZZZ,winchester_ct,ZZZZ
1040,ZZZZ,ZZZZ,eaton_nh,ZZZZ
1041,ZZZZ,ZZZZ,spencer_ma,ZZZZ
1042,ZZZZ,ZZZZ,antrim_nh,ZZZZ
1043,ZZZZ,ZZZZ,south thomaston_me,ZZZZ
1044,ZZZZ,ZZZZ,brookline_nh,ZZZZ
1045,ZZZZ,ZZZZ,oxford cty townships_me,ZZZZ
1046,ZZZZ,ZZZZ,do�a ana_nm,ZZZZ
1047,ZZZZ,ZZZZ,lee_me,ZZZZ
1048,ZZZZ,ZZZZ,lewiston_me,ZZZZ
1049,ZZZZ,ZZZZ,lisbon_ct,ZZZZ
1050,ZZZZ,ZZZZ,warren_vt,ZZZZ
1051,ZZZZ,ZZZZ,avon_ma,ZZZZ
1052,ZZZZ,ZZZZ,chelsea_me,ZZZZ
1053,ZZZZ,ZZZZ,carrabassett valley_me,ZZZZ
1054,ZZZZ,ZZZZ,warner_nh,ZZZZ
1055,ZZZZ,ZZZZ,plainfield_nh,ZZZZ
1056,ZZZZ,ZZZZ,central falls_ri,ZZZZ
1057,ZZZZ,ZZZZ,hopkinton_ri,ZZZZ
1058,ZZZZ,ZZZZ,jericho_vt,ZZZZ
1059,ZZZZ,ZZZZ,north andover_ma,ZZZZ
1060,ZZZZ,ZZZZ,east haven_ct,ZZZZ
1061,ZZZZ,ZZZZ,wellesley_ma,ZZZZ
1062,ZZZZ,ZZZZ,northfield_me,ZZZZ
1063,ZZZZ,ZZZZ,columbia_ct,ZZZZ
1064,ZZZZ,ZZZZ,lyman_me,ZZZZ
1065,ZZZZ,ZZZZ,charlestown_ri,ZZZZ
1066,ZZZZ,ZZZZ,hatfield_ma,ZZZZ
1067,ZZZZ,ZZZZ,warren_ma,ZZZZ
1068,ZZZZ,ZZZZ,goshen_nh,ZZZZ
1069,ZZZZ,ZZZZ,agawam_ma,ZZZZ
1070,ZZZZ,ZZZZ,hill_nh,ZZZZ
1071,ZZZZ,ZZZZ,orland_me,ZZZZ
1072,ZZZZ,ZZZZ,southwest harbor_me,ZZZZ
1073,ZZZZ,ZZZZ,chichester_nh,ZZZZ
1074,ZZZZ,ZZZZ,charlestown_nh,ZZZZ
1075,ZZZZ,ZZZZ,hamlin_me,ZZZZ
1076,ZZZZ,ZZZZ,lebanon_ct,ZZZZ
1077,ZZZZ,ZZZZ,grafton_ma,ZZZZ
1078,ZZZZ,ZZZZ,westminster_ma,ZZZZ
1079,ZZZZ,ZZZZ,weston_me,ZZZZ
1080,ZZZZ,ZZZZ,sumner_me,ZZZZ
1081,ZZZZ,ZZZZ,hampton_nh,ZZZZ
1082,ZZZZ,ZZZZ,fair haven_vt,ZZZZ
1083,ZZZZ,ZZZZ,newport_vt,ZZZZ
1084,ZZZZ,ZZZZ,mount desert_me,ZZZZ
1085,ZZZZ,ZZZZ,royalton_vt,ZZZZ
1086,ZZZZ,ZZZZ,hanson_ma,ZZZZ
1087,ZZZZ,ZZZZ,griswold_ct,ZZZZ
1088,ZZZZ,ZZZZ,watertown_ma,ZZZZ
1089,ZZZZ,ZZZZ,islesboro_me,ZZZZ
1090,ZZZZ,ZZZZ,sebago_me,ZZZZ
1091,ZZZZ,ZZZZ,west newbury_ma,ZZZZ
1092,ZZZZ,ZZZZ,west hartford_ct,ZZZZ
1093,ZZZZ,ZZZZ,littleton_me,ZZZZ
1094,ZZZZ,ZZZZ,groton_vt,ZZZZ
1095,ZZZZ,ZZZZ,troy_nh,ZZZZ
1096,ZZZZ,ZZZZ,bowdoin_me,ZZZZ
1097,ZZZZ,ZZZZ,ipswich_ma,ZZZZ
1098,ZZZZ,ZZZZ,newton_ma,ZZZZ
1099,ZZZZ,ZZZZ,brandon_vt,ZZZZ
1100,ZZZZ,ZZZZ,hartford_me,ZZZZ
1101,ZZZZ,ZZZZ,preston_ct,ZZZZ
1102,ZZZZ,ZZZZ,new portland_me,ZZZZ
1103,ZZZZ,ZZZZ,revere_ma,ZZZZ
1104,ZZZZ,ZZZZ,kennebunk_me,ZZZZ
1105,ZZZZ,ZZZZ,easthampton_ma,ZZZZ
1106,ZZZZ,ZZZZ,ed 1_ak,ZZZZ
1107,ZZZZ,ZZZZ,manchester_vt,ZZZZ
1108,ZZZZ,ZZZZ,barnet_vt,ZZZZ
1109,ZZZZ,ZZZZ,leominster_ma,ZZZZ
1110,ZZZZ,ZZZZ,wilton_me,ZZZZ
1111,ZZZZ,ZZZZ,landgrove_vt,ZZZZ
1112,ZZZZ,ZZZZ,chesterfield_ma,ZZZZ
1113,ZZZZ,ZZZZ,hancock_vt,ZZZZ
1114,ZZZZ,ZZZZ,alton_me,ZZZZ
1115,ZZZZ,ZZZZ,cornish_nh,ZZZZ
1116,ZZZZ,ZZZZ,harts location_nh,ZZZZ
1117,ZZZZ,ZZZZ,brentwood_nh,ZZZZ
1118,ZZZZ,ZZZZ,raymond_nh,ZZZZ
1119,ZZZZ,ZZZZ,wolfeboro_nh,ZZZZ
1120,ZZZZ,ZZZZ,oak bluffs_ma,ZZZZ
1121,ZZZZ,ZZZZ,canterbury_nh,ZZZZ
1122,ZZZZ,ZZZZ,troy_vt,ZZZZ
1123,ZZZZ,ZZZZ,swanzey_nh,ZZZZ
1124,ZZZZ,ZZZZ,somerville_me,ZZZZ
1125,ZZZZ,ZZZZ,sandwich_ma,ZZZZ
1126,ZZZZ,ZZZZ,monkton_vt,ZZZZ
1127,ZZZZ,ZZZZ,norwich_ct,ZZZZ
1128,ZZZZ,ZZZZ,sanford_me,ZZZZ
1129,ZZZZ,ZZZZ,whitman_ma,ZZZZ
1130,ZZZZ,ZZZZ,windsor_me,ZZZZ
1131,ZZZZ,ZZZZ,plaistow_nh,ZZZZ
1132,ZZZZ,ZZZZ,wenham_ma,ZZZZ
1133,ZZZZ,ZZZZ,westerly_ri,ZZZZ
1134,ZZZZ,ZZZZ,taunton_ma,ZZZZ
1135,ZZZZ,ZZZZ,brookline_ma,ZZZZ
1136,ZZZZ,ZZZZ,wentworth_nh,ZZZZ
1137,ZZZZ,ZZZZ,winooski_vt,ZZZZ
1138,ZZZZ,ZZZZ,mansfield_ma,ZZZZ
1139,ZZZZ,ZZZZ,bristol_ct,ZZZZ
1140,ZZZZ,ZZZZ,new bedford_ma,ZZZZ
1141,ZZZZ,ZZZZ,willimantic_me,ZZZZ
1142,ZZZZ,ZZZZ,benton_nh,ZZZZ
1143,ZZZZ,ZZZZ,mapleton_me,ZZZZ
1144,ZZZZ,ZZZZ,st. albans town_vt,ZZZZ
1145,ZZZZ,ZZZZ,west bath_me,ZZZZ
1146,ZZZZ,ZZZZ,bradford_vt,ZZZZ
1147,ZZZZ,ZZZZ,swanton_vt,ZZZZ
1148,ZZZZ,ZZZZ,brockton_ma,ZZZZ
1149,ZZZZ,ZZZZ,boothbay_me,ZZZZ
1150,ZZZZ,ZZZZ,etna_me,ZZZZ
1151,ZZZZ,ZZZZ,ed 12_ak,ZZZZ
1152,ZZZZ,ZZZZ,windsor_nh,ZZZZ
1153,ZZZZ,ZZZZ,chester_ct,ZZZZ
1154,ZZZZ,ZZZZ,wellfleet_ma,ZZZZ
1155,ZZZZ,ZZZZ,meredith_nh,ZZZZ
1156,ZZZZ,ZZZZ,ledyard_ct,ZZZZ
1157,ZZZZ,ZZZZ,hadley_ma,ZZZZ
1158,ZZZZ,ZZZZ,lynnfield_ma,ZZZZ
1159,ZZZZ,ZZZZ,hollis_nh,ZZZZ
1160,ZZZZ,ZZZZ,parsonsfield_me,ZZZZ
1161,ZZZZ,ZZZZ,otisfield_me,ZZZZ
1162,ZZZZ,ZZZZ,stoughton_ma,ZZZZ
1163,ZZZZ,ZZZZ,carroll plt._me,ZZZZ
1164,ZZZZ,ZZZZ,plymouth_me,ZZZZ
1165,ZZZZ,ZZZZ,brunswick_me,ZZZZ
1166,ZZZZ,ZZZZ,monmouth_me,ZZZZ
1167,ZZZZ,ZZZZ,peru_ma,ZZZZ
1168,ZZZZ,ZZZZ,harrisville_nh,ZZZZ
1169,ZZZZ,ZZZZ,reading_ma,ZZZZ
1170,ZZZZ,ZZZZ,holland_vt,ZZZZ
1171,ZZZZ,ZZZZ,charlotte_me,ZZZZ
1172,ZZZZ,ZZZZ,shirley_me,ZZZZ
1173,ZZZZ,ZZZZ,calais_vt,ZZZZ
1174,ZZZZ,ZZZZ,burlington_ct,ZZZZ
1175,ZZZZ,ZZZZ,nashua_nh,ZZZZ
1176,ZZZZ,ZZZZ,machias_me,ZZZZ
1177,ZZZZ,ZZZZ,ashfield_ma,ZZZZ
1178,ZZZZ,ZZZZ,andover_nh,ZZZZ
1179,ZZZZ,ZZZZ,wethersfield_ct,ZZZZ
1180,ZZZZ,ZZZZ,hermon_me,ZZZZ
1181,ZZZZ,ZZZZ,stetson_me,ZZZZ
1182,ZZZZ,ZZZZ,cary plt._me,ZZZZ
1183,ZZZZ,ZZZZ,st. albans_vt,ZZZZ
1184,ZZZZ,ZZZZ,woodbury_ct,ZZZZ
1185,ZZZZ,ZZZZ,becket_ma,ZZZZ
1186,ZZZZ,ZZZZ,limington_me,ZZZZ
1187,ZZZZ,ZZZZ,bolton_vt,ZZZZ
1188,ZZZZ,ZZZZ,north haven_me,ZZZZ
1189,ZZZZ,ZZZZ,charlemont_ma,ZZZZ
1190,ZZZZ,ZZZZ,portsmouth_ri,ZZZZ
1191,ZZZZ,ZZZZ,morris_ct,ZZZZ
1192,ZZZZ,ZZZZ,sudbury_vt,ZZZZ
1193,ZZZZ,ZZZZ,benson_vt,ZZZZ
1194,ZZZZ,ZZZZ,tyngsborough_ma,ZZZZ
1195,ZZZZ,ZZZZ,derby_vt,ZZZZ
1196,ZZZZ,ZZZZ,falmouth_me,ZZZZ
1197,ZZZZ,ZZZZ,ashburnham_ma,ZZZZ
1198,ZZZZ,ZZZZ,windham_me,ZZZZ
1199,ZZZZ,ZZZZ,waterbury_ct,ZZZZ
1200,ZZZZ,ZZZZ,rye_nh,ZZZZ
1201,ZZZZ,ZZZZ,truro_ma,ZZZZ
1202,ZZZZ,ZZZZ,tamworth_nh,ZZZZ
1203,ZZZZ,ZZZZ,dummerston_vt,ZZZZ
1204,ZZZZ,ZZZZ,acworth_nh,ZZZZ
1205,ZZZZ,ZZZZ,montgomery_vt,ZZZZ
1206,ZZZZ,ZZZZ,millbury_ma,ZZZZ
1207,ZZZZ,ZZZZ,springfield_vt,ZZZZ
1208,ZZZZ,ZZZZ,dennistown plt._me,ZZZZ
1209,ZZZZ,ZZZZ,washington_ma,ZZZZ
1210,ZZZZ,ZZZZ,berlin_nh,ZZZZ
1211,ZZZZ,ZZZZ,winthrop_ma,ZZZZ
1212,ZZZZ,ZZZZ,westminster_vt,ZZZZ
1213,ZZZZ,ZZZZ,rome_me,ZZZZ
1214,ZZZZ,ZZZZ,monterey_ma,ZZZZ
1215,ZZZZ,ZZZZ,littleton_nh,ZZZZ
1216,ZZZZ,ZZZZ,new sharon_me,ZZZZ
1217,ZZZZ,ZZZZ,middletown springs_vt,ZZZZ
1218,ZZZZ,ZZZZ,bangor_me,ZZZZ
1219,ZZZZ,ZZZZ,east lyme_ct,ZZZZ
1220,ZZZZ,ZZZZ,scituate_ri,ZZZZ
1221,ZZZZ,ZZZZ,dyer brook_me,ZZZZ
1222,ZZZZ,ZZZZ,dover_ma,ZZZZ
1223,ZZZZ,ZZZZ,dixfield_me,ZZZZ
1224,ZZZZ,ZZZZ,belmont_ma,ZZZZ
1225,ZZZZ,ZZZZ,monhegan plt._me,ZZZZ
1226,ZZZZ,ZZZZ,north hampton_nh,ZZZZ
1227,ZZZZ,ZZZZ,monticello_me,ZZZZ
1228,ZZZZ,ZZZZ,wentworth's location_nh,ZZZZ
1229,ZZZZ,ZZZZ,harrison_me,ZZZZ
1230,ZZZZ,ZZZZ,lakeville_me,ZZZZ
1231,ZZZZ,ZZZZ,prospect_ct,ZZZZ
1232,ZZZZ,ZZZZ,surry_nh,ZZZZ
1233,ZZZZ,ZZZZ,marshfield_ma,ZZZZ
1234,ZZZZ,ZZZZ,bakersfield_vt,ZZZZ
1235,ZZZZ,ZZZZ,haddam_ct,ZZZZ
1236,ZZZZ,ZZZZ,nelson_nh,ZZZZ
1237,ZZZZ,ZZZZ,lexington_ma,ZZZZ
1238,ZZZZ,ZZZZ,whitefield_me,ZZZZ
1239,ZZZZ,ZZZZ,townsend_ma,ZZZZ
1240,ZZZZ,ZZZZ,thomaston_me,ZZZZ
1241,ZZZZ,ZZZZ,lee_nh,ZZZZ
1242,ZZZZ,ZZZZ,epping_nh,ZZZZ
1243,ZZZZ,ZZZZ,brooksville_me,ZZZZ
1244,ZZZZ,ZZZZ,whiting_me,ZZZZ
1245,ZZZZ,ZZZZ,hamilton_ma,ZZZZ
1246,ZZZZ,ZZZZ,the forks plt._me,ZZZZ
1247,ZZZZ,ZZZZ,mattawamkeag_me,ZZZZ
1248,ZZZZ,ZZZZ,south hadley_ma,ZZZZ
1249,ZZZZ,ZZZZ,new canada_me,ZZZZ
1250,ZZZZ,ZZZZ,williamstown_ma,ZZZZ
1251,ZZZZ,ZZZZ,oxbow plt._me,ZZZZ
1252,ZZZZ,ZZZZ,north haven_ct,ZZZZ
1253,ZZZZ,ZZZZ,topsfield_ma,ZZZZ
1254,ZZZZ,ZZZZ,freedom_nh,ZZZZ
1255,ZZZZ,ZZZZ,guildhall_vt,ZZZZ
1256,ZZZZ,ZZZZ,wilbraham_ma,ZZZZ
1257,ZZZZ,ZZZZ,bridport_vt,ZZZZ
1258,ZZZZ,ZZZZ,hooksett_nh,ZZZZ
1259,ZZZZ,ZZZZ,surry_me,ZZZZ
1260,ZZZZ,ZZZZ,dummer_nh,ZZZZ
1261,ZZZZ,ZZZZ,windham_nh,ZZZZ
1262,ZZZZ,ZZZZ,portsmouth_nh,ZZZZ
1263,ZZZZ,ZZZZ,newfield_me,ZZZZ
1264,ZZZZ,ZZZZ,west paris_me,ZZZZ
1265,ZZZZ,ZZZZ,glenwood plt._me,ZZZZ
1266,ZZZZ,ZZZZ,bridgewater_ma,ZZZZ
1267,ZZZZ,ZZZZ,st. john plt._me,ZZZZ
1268,ZZZZ,ZZZZ,columbia falls_me,ZZZZ
1269,ZZZZ,ZZZZ,litchfield_me,ZZZZ
1270,ZZZZ,ZZZZ,barkhamsted_ct,ZZZZ
1271,ZZZZ,ZZZZ,easton_me,ZZZZ
1272,ZZZZ,ZZZZ,casco_me,ZZZZ
1273,ZZZZ,ZZZZ,clarksburg_ma,ZZZZ
1274,ZZZZ,ZZZZ,bath_me,ZZZZ
1275,ZZZZ,ZZZZ,new braintree_ma,ZZZZ
1276,ZZZZ,ZZZZ,ludlow_vt,ZZZZ
1277,ZZZZ,ZZZZ,sheldon_vt,ZZZZ
1278,ZZZZ,ZZZZ,lake view plt._me,ZZZZ
1279,ZZZZ,ZZZZ,pownal_vt,ZZZZ
1280,ZZZZ,ZZZZ,underhill_vt,ZZZZ
1281,ZZZZ,ZZZZ,east bridgewater_ma,ZZZZ
1282,ZZZZ,ZZZZ,west haven_vt,ZZZZ
1283,ZZZZ,ZZZZ,tyringham_ma,ZZZZ
1284,ZZZZ,ZZZZ,wakefield_nh,ZZZZ
1285,ZZZZ,ZZZZ,deerfield_nh,ZZZZ
1286,ZZZZ,ZZZZ,weston_vt,ZZZZ
1287,ZZZZ,ZZZZ,north providence_ri,ZZZZ
1288,ZZZZ,ZZZZ,lowell_me,ZZZZ
1289,ZZZZ,ZZZZ,stockbridge_vt,ZZZZ
1290,ZZZZ,ZZZZ,long island_me,ZZZZ
1291,ZZZZ,ZZZZ,sharon_ct,ZZZZ
1292,ZZZZ,ZZZZ,greenland_nh,ZZZZ
1293,ZZZZ,ZZZZ,van buren_me,ZZZZ
1294,ZZZZ,ZZZZ,norwalk_ct,ZZZZ
1295,ZZZZ,ZZZZ,mason_nh,ZZZZ
1296,ZZZZ,ZZZZ,salisbury_nh,ZZZZ
1297,ZZZZ,ZZZZ,hudson_me,ZZZZ
1298,ZZZZ,ZZZZ,monroe_ct,ZZZZ
1299,ZZZZ,ZZZZ,richmond_nh,ZZZZ
1300,ZZZZ,ZZZZ,starksboro_vt,ZZZZ
1301,ZZZZ,ZZZZ,woodford_vt,ZZZZ
1302,ZZZZ,ZZZZ,caswell_me,ZZZZ
1303,ZZZZ,ZZZZ,greenville_nh,ZZZZ
1304,ZZZZ,ZZZZ,orient_me,ZZZZ
1305,ZZZZ,ZZZZ,freedom_me,ZZZZ
1306,ZZZZ,ZZZZ,unity_me,ZZZZ
1307,ZZZZ,ZZZZ,easton_nh,ZZZZ
1308,ZZZZ,ZZZZ,branford_ct,ZZZZ
1309,ZZZZ,ZZZZ,berwick_me,ZZZZ
1310,ZZZZ,ZZZZ,beaver cove_me,ZZZZ
1311,ZZZZ,ZZZZ,ed 19_ak,ZZZZ
1312,ZZZZ,ZZZZ,mansfield_ct,ZZZZ
1313,ZZZZ,ZZZZ,norwell_ma,ZZZZ
1314,ZZZZ,ZZZZ,dayton_me,ZZZZ
1315,ZZZZ,ZZZZ,pembroke_nh,ZZZZ
1316,ZZZZ,ZZZZ,piermont_nh,ZZZZ
1317,ZZZZ,ZZZZ,ed 32_ak,ZZZZ
1318,ZZZZ,ZZZZ,boscawen_nh,ZZZZ
1319,ZZZZ,ZZZZ,weston_ma,ZZZZ
1320,ZZZZ,ZZZZ,durham_ct,ZZZZ
1321,ZZZZ,ZZZZ,jonesport_me,ZZZZ
1322,ZZZZ,ZZZZ,new vineyard_me,ZZZZ
1323,ZZZZ,ZZZZ,dublin_nh,ZZZZ
1324,ZZZZ,ZZZZ,hebron_nh,ZZZZ
1325,ZZZZ,ZZZZ,princeton_me,ZZZZ
1326,ZZZZ,ZZZZ,gorham_nh,ZZZZ
1327,ZZZZ,ZZZZ,thornton_nh,ZZZZ
1328,ZZZZ,ZZZZ,madawaska_me,ZZZZ
1329,ZZZZ,ZZZZ,topsham_me,ZZZZ
1330,ZZZZ,ZZZZ,shoreham_vt,ZZZZ
1331,ZZZZ,ZZZZ,houlton_me,ZZZZ
1332,ZZZZ,ZZZZ,mendon_ma,ZZZZ
1333,ZZZZ,ZZZZ,salisbury_ma,ZZZZ
1334,ZZZZ,ZZZZ,monroe_ma,ZZZZ
1335,ZZZZ,ZZZZ,lunenburg_vt,ZZZZ
1336,ZZZZ,ZZZZ,phillipston_ma,ZZZZ
1337,ZZZZ,ZZZZ,franconia_nh,ZZZZ
1338,ZZZZ,ZZZZ,northumberland_nh,ZZZZ
1339,ZZZZ,ZZZZ,searsburg_vt,ZZZZ
1340,ZZZZ,ZZZZ,canaan_ct,ZZZZ
1341,ZZZZ,ZZZZ,torrington_ct,ZZZZ
1342,ZZZZ,ZZZZ,sedgwick_me,ZZZZ
1343,ZZZZ,ZZZZ,hopkinton_ma,ZZZZ
1344,ZZZZ,ZZZZ,st. george_vt,ZZZZ
1345,ZZZZ,ZZZZ,somers_ct,ZZZZ
1346,ZZZZ,ZZZZ,hebron_ct,ZZZZ
1347,ZZZZ,ZZZZ,hersey_me,ZZZZ
1348,ZZZZ,ZZZZ,lyme_ct,ZZZZ
1349,ZZZZ,ZZZZ,woodstock_ct,ZZZZ
1350,ZZZZ,ZZZZ,weymouth_ma,ZZZZ
1351,ZZZZ,ZZZZ,athens_vt,ZZZZ
1352,ZZZZ,ZZZZ,west forks plt._me,ZZZZ
1353,ZZZZ,ZZZZ,waltham_ma,ZZZZ
1354,ZZZZ,ZZZZ,brewster_ma,ZZZZ
1355,ZZZZ,ZZZZ,baileyville_me,ZZZZ
1356,ZZZZ,ZZZZ,somersworth_nh,ZZZZ
1357,ZZZZ,ZZZZ,yarmouth_me,ZZZZ
1358,ZZZZ,ZZZZ,wardsboro_vt,ZZZZ
1359,ZZZZ,ZZZZ,everett_ma,ZZZZ
1360,ZZZZ,ZZZZ,provincetown_ma,ZZZZ
1361,ZZZZ,ZZZZ,cambridge_ma,ZZZZ
1362,ZZZZ,ZZZZ,dennis_ma,ZZZZ
1363,ZZZZ,ZZZZ,peacham_vt,ZZZZ
1364,ZZZZ,ZZZZ,bowdoinham_me,ZZZZ
1365,ZZZZ,ZZZZ,bristol_me,ZZZZ
1366,ZZZZ,ZZZZ,berkshire_vt,ZZZZ
1367,ZZZZ,ZZZZ,moultonborough_nh,ZZZZ
1368,ZZZZ,ZZZZ,ellsworth_me,ZZZZ
1369,ZZZZ,ZZZZ,sabattus_me,ZZZZ
1370,ZZZZ,ZZZZ,springfield_ma,ZZZZ
1371,ZZZZ,ZZZZ,cohasset_ma,ZZZZ
1372,ZZZZ,ZZZZ,colrain_ma,ZZZZ
1373,ZZZZ,ZZZZ,fitchburg_ma,ZZZZ
1374,ZZZZ,ZZZZ,dorset_vt,ZZZZ
1375,ZZZZ,ZZZZ,holderness_nh,ZZZZ
1376,ZZZZ,ZZZZ,otis_ma,ZZZZ
1377,ZZZZ,ZZZZ,hawley_ma,ZZZZ
1378,ZZZZ,ZZZZ,sandwich_nh,ZZZZ
1379,ZZZZ,ZZZZ,allagash_me,ZZZZ
1380,ZZZZ,ZZZZ,jamestown_ri,ZZZZ
1381,ZZZZ,ZZZZ,gilmanton_nh,ZZZZ
1382,ZZZZ,ZZZZ,cheshire_ma,ZZZZ
1383,ZZZZ,ZZZZ,stark_nh,ZZZZ
1384,ZZZZ,ZZZZ,clarendon_vt,ZZZZ
1385,ZZZZ,ZZZZ,barton_vt,ZZZZ
1386,ZZZZ,ZZZZ,sutton_ma,ZZZZ
1387,ZZZZ,ZZZZ,richmond_ri,ZZZZ
1388,ZZZZ,ZZZZ,quincy_ma,ZZZZ
1389,ZZZZ,ZZZZ,croydon_nh,ZZZZ
1390,ZZZZ,ZZZZ,center harbor_nh,ZZZZ
1391,ZZZZ,ZZZZ,brownfield_me,ZZZZ
1392,ZZZZ,ZZZZ,guilford_me,ZZZZ
1393,ZZZZ,ZZZZ,cooper_me,ZZZZ
1394,ZZZZ,ZZZZ,brookline_vt,ZZZZ
1395,ZZZZ,ZZZZ,enfield_nh,ZZZZ
1396,ZZZZ,ZZZZ,eastford_ct,ZZZZ
1397,ZZZZ,ZZZZ,rupert_vt,ZZZZ
1398,ZZZZ,ZZZZ,sangerville_me,ZZZZ
1399,ZZZZ,ZZZZ,goshen_vt,ZZZZ
1400,ZZZZ,ZZZZ,west haven_ct,ZZZZ
1401,ZZZZ,ZZZZ,woodbridge_ct,ZZZZ
1402,ZZZZ,ZZZZ,somerset cty townships_me,ZZZZ
1403,ZZZZ,ZZZZ,sudbury_ma,ZZZZ
1404,ZZZZ,ZZZZ,tilton_nh,ZZZZ
1405,ZZZZ,ZZZZ,clinton_me,ZZZZ
1406,ZZZZ,ZZZZ,bridgewater_vt,ZZZZ
1407,ZZZZ,ZZZZ,vernon_ct,ZZZZ
1408,ZZZZ,ZZZZ,roxbury_ct,ZZZZ
1409,ZZZZ,ZZZZ,tisbury_ma,ZZZZ
1410,ZZZZ,ZZZZ,west rutland_vt,ZZZZ
1411,ZZZZ,ZZZZ,woodstock_vt,ZZZZ
1412,ZZZZ,ZZZZ,bloomfield_vt,ZZZZ
1413,ZZZZ,ZZZZ,ed 17_ak,ZZZZ
1414,ZZZZ,ZZZZ,macwahoc plt._me,ZZZZ
1415,ZZZZ,ZZZZ,turner_me,ZZZZ
1416,ZZZZ,ZZZZ,springfield_nh,ZZZZ
1417,ZZZZ,ZZZZ,hope_me,ZZZZ
1418,ZZZZ,ZZZZ,holden_me,ZZZZ
1419,ZZZZ,ZZZZ,salem_nh,ZZZZ
1420,ZZZZ,ZZZZ,duxbury_vt,ZZZZ
1421,ZZZZ,ZZZZ,milton_vt,ZZZZ
1422,ZZZZ,ZZZZ,brookfield_ma,ZZZZ
1423,ZZZZ,ZZZZ,greenfield_ma,ZZZZ
1424,ZZZZ,ZZZZ,manchester_nh,ZZZZ
1425,ZZZZ,ZZZZ,lunenburg_ma,ZZZZ
1426,ZZZZ,ZZZZ,smyrna_me,ZZZZ
1427,ZZZZ,ZZZZ,irasburg_vt,ZZZZ
1428,ZZZZ,ZZZZ,berlin_vt,ZZZZ
1429,ZZZZ,ZZZZ,sandy river plt._me,ZZZZ
1430,ZZZZ,ZZZZ,haverhill_ma,ZZZZ
1431,ZZZZ,ZZZZ,jefferson_nh,ZZZZ
1432,ZZZZ,ZZZZ,coplin plt._me,ZZZZ
1433,ZZZZ,ZZZZ,belmont_me,ZZZZ
1434,ZZZZ,ZZZZ,mariaville_me,ZZZZ
1435,ZZZZ,ZZZZ,weld_me,ZZZZ
1436,ZZZZ,ZZZZ,talmadge_me,ZZZZ
1437,ZZZZ,ZZZZ,buckland_ma,ZZZZ
1438,ZZZZ,ZZZZ,chelsea_ma,ZZZZ
1439,ZZZZ,ZZZZ,barrington_ri,ZZZZ
1440,ZZZZ,ZZZZ,ed 9_ak,ZZZZ
1441,ZZZZ,ZZZZ,indian township vtng dst_me,ZZZZ
1442,ZZZZ,ZZZZ,ed 2_ak,ZZZZ
1443,ZZZZ,ZZZZ,greensboro_vt,ZZZZ
1444,ZZZZ,ZZZZ,embden_me,ZZZZ
1445,ZZZZ,ZZZZ,castle hill_me,ZZZZ
1446,ZZZZ,ZZZZ,bethlehem_nh,ZZZZ
1447,ZZZZ,ZZZZ,ellsworth_nh,ZZZZ
1448,ZZZZ,ZZZZ,fitzwilliam_nh,ZZZZ
1449,ZZZZ,ZZZZ,china_me,ZZZZ
1450,ZZZZ,ZZZZ,epsom_nh,ZZZZ
1451,ZZZZ,ZZZZ,westfield_ma,ZZZZ
1452,ZZZZ,ZZZZ,ed 28_ak,ZZZZ
1453,ZZZZ,ZZZZ,dexter_me,ZZZZ
1454,ZZZZ,ZZZZ,holden_ma,ZZZZ
1455,ZZZZ,ZZZZ,uxbridge_ma,ZZZZ
1456,ZZZZ,ZZZZ,ed 38_ak,ZZZZ
1457,ZZZZ,ZZZZ,cheshire_ct,ZZZZ
1458,ZZZZ,ZZZZ,webster_ma,ZZZZ
1459,ZZZZ,ZZZZ,dedham_ma,ZZZZ
1460,ZZZZ,ZZZZ,rindge_nh,ZZZZ
1461,ZZZZ,ZZZZ,granby_vt,ZZZZ
1462,ZZZZ,ZZZZ,canton_me,ZZZZ
1463,ZZZZ,ZZZZ,stratton_vt,ZZZZ
1464,ZZZZ,ZZZZ,waterford_ct,ZZZZ
1465,ZZZZ,ZZZZ,lowell_vt,ZZZZ
1466,ZZZZ,ZZZZ,wallingford_vt,ZZZZ
1467,ZZZZ,ZZZZ,voluntown_ct,ZZZZ
1468,ZZZZ,ZZZZ,wiscasset_me,ZZZZ
1469,ZZZZ,ZZZZ,andover_me,ZZZZ
1470,ZZZZ,ZZZZ,ludlow_ma,ZZZZ
1471,ZZZZ,ZZZZ,maxfield_me,ZZZZ
1472,ZZZZ,ZZZZ,upton_me,ZZZZ
1473,ZZZZ,ZZZZ,ashland_nh,ZZZZ
1474,ZZZZ,ZZZZ,medford_ma,ZZZZ
1475,ZZZZ,ZZZZ,solon_me,ZZZZ
1476,ZZZZ,ZZZZ,bridgewater_me,ZZZZ
1477,ZZZZ,ZZZZ,stratham_nh,ZZZZ
1478,ZZZZ,ZZZZ,webster plt._me,ZZZZ
1479,ZZZZ,ZZZZ,seymour_ct,ZZZZ
1480,ZZZZ,ZZZZ,attleboro_ma,ZZZZ
1481,ZZZZ,ZZZZ,cyr plt._me,ZZZZ
1482,ZZZZ,ZZZZ,saugus_ma,ZZZZ
1483,ZZZZ,ZZZZ,chester_vt,ZZZZ
1484,ZZZZ,ZZZZ,orono_me,ZZZZ
1485,ZZZZ,ZZZZ,isle la motte_vt,ZZZZ
1486,ZZZZ,ZZZZ,orwell_vt,ZZZZ
1487,ZZZZ,ZZZZ,tiverton_ri,ZZZZ
1488,ZZZZ,ZZZZ,seabrook_nh,ZZZZ
1489,ZZZZ,ZZZZ,greenwich_ct,ZZZZ
1490,ZZZZ,ZZZZ,trumbull_ct,ZZZZ
1491,ZZZZ,ZZZZ,weston_ct,ZZZZ
1492,ZZZZ,ZZZZ,rollinsford_nh,ZZZZ
1493,ZZZZ,ZZZZ,isle au haut_me,ZZZZ
1494,ZZZZ,ZZZZ,limestone_me,ZZZZ
1495,ZZZZ,ZZZZ,peterborough_nh,ZZZZ
1496,ZZZZ,ZZZZ,lyme_nh,ZZZZ
1497,ZZZZ,ZZZZ,nottingham_nh,ZZZZ
1498,ZZZZ,ZZZZ,sebec_me,ZZZZ
1499,ZZZZ,ZZZZ,erving_ma,ZZZZ
1500,ZZZZ,ZZZZ,east granby_ct,ZZZZ
1501,ZZZZ,ZZZZ,shapleigh_me,ZZZZ
1502,ZZZZ,ZZZZ,milford_nh,ZZZZ
1503,ZZZZ,ZZZZ,westwood_ma,ZZZZ
1504,ZZZZ,ZZZZ,bellingham_ma,ZZZZ
1505,ZZZZ,ZZZZ,westbrook_ct,ZZZZ
1506,ZZZZ,ZZZZ,glover_vt,ZZZZ
1507,ZZZZ,ZZZZ,rowe_ma,ZZZZ
1508,ZZZZ,ZZZZ,langdon_nh,ZZZZ
1509,ZZZZ,ZZZZ,halifax_ma,ZZZZ
1510,ZZZZ,ZZZZ,charleston_me,ZZZZ
1511,ZZZZ,ZZZZ,baltimore_vt,ZZZZ
1512,ZZZZ,ZZZZ,ed 27_ak,ZZZZ
1513,ZZZZ,ZZZZ,warwick_ma,ZZZZ
1514,ZZZZ,ZZZZ,new salem_ma,ZZZZ
1515,ZZZZ,ZZZZ,exeter_me,ZZZZ
1516,ZZZZ,ZZZZ,rowley_ma,ZZZZ
1517,ZZZZ,ZZZZ,north kingstown_ri,ZZZZ
1518,ZZZZ,ZZZZ,rutland town_vt,ZZZZ
1519,ZZZZ,ZZZZ,ed 7_ak,ZZZZ
1520,ZZZZ,ZZZZ,farmington_nh,ZZZZ
1521,ZZZZ,ZZZZ,ed 24_ak,ZZZZ
1522,ZZZZ,ZZZZ,marblehead_ma,ZZZZ
1523,ZZZZ,ZZZZ,st. albans_me,ZZZZ
1524,ZZZZ,ZZZZ,lincoln_ri,ZZZZ
1525,ZZZZ,ZZZZ,putnam_ct,ZZZZ
1526,ZZZZ,ZZZZ,westford_ma,ZZZZ
1527,ZZZZ,ZZZZ,ed 33_ak,ZZZZ
1528,ZZZZ,ZZZZ,jaffrey_nh,ZZZZ
1529,ZZZZ,ZZZZ,woodbury_vt,ZZZZ
1530,ZZZZ,ZZZZ,cavendish_vt,ZZZZ
1531,ZZZZ,ZZZZ,newport_me,ZZZZ
1532,ZZZZ,ZZZZ,bedford_nh,ZZZZ
1533,ZZZZ,ZZZZ,east windsor_ct,ZZZZ
1534,ZZZZ,ZZZZ,townshend_vt,ZZZZ
1535,ZZZZ,ZZZZ,landaff_nh,ZZZZ
1536,ZZZZ,ZZZZ,mount holly_vt,ZZZZ
1537,ZZZZ,ZZZZ,benton_me,ZZZZ
1538,ZZZZ,ZZZZ,caratunk_me,ZZZZ
